Dado A,Dado B,Dado C,tipo do dado
Lucas Caldeira,4912286775873213,(081) 5005-3304,1
Brenda Nascimento,4409769620613611,+55 (081) 0257 0390,1
Cecília Fernandes,6011143230548127,+55 11 0005-4482,1
Milena Costela,213196283968971,0500-901-6930,1
Maria Clara Ribeiro,2224068219699488,(041) 6629-3589,1
João Pedro Cavalcanti,30291954424833,+55 (071) 2802 8041,1
Dr. Diego Oliveira,30548278809738,(011) 9308-3829,1
Marcelo Vieira,3507585470857154,+55 (021) 8801-1574,1
Laura Farias,213126975766391,21 9484-9282,1
Melissa da Cunha,501896832976,31 9774-7766,1
Srta. Sabrina Lopes,4324716074430,+55 41 0939 8747,1
Bernardo Campos,6011066467584574,+55 31 8607-0633,1
Lucas Azevedo,30134863284999,84 9938-2155,1
Alana da Rocha,2289188577835102,81 0775-8613,1
Camila Fernandes,180019544851548,+55 (071) 1973-2211,1
Ana Julia Campos,373582924208669,+55 (081) 1470-5732,1
Joaquim da Costa,4341961310397800,0300-958-5726,1
Luiz Henrique Lopes,3521851857395545,(011) 4121 3350,1
Vitória Barbosa,4962359873871,+55 84 0847 6565,1
João Guilherme Novaes,3529066800325620,+55 (041) 2686-2763,1
Erick Aragão,4858730088969446,+55 (041) 9605-9511,1
Larissa Rezende,4855919266513,(021) 9576 0429,1
Benjamin Fogaça,4790700678127623,+55 (041) 6982-7644,1
João Vitor Silveira,180067556113646,+55 (071) 3852 4275,1
Isaac Jesus,581212938111,0500 584 5958,1
Sr. Pedro Araújo,344492637221858,+55 84 8669-9304,1
Catarina das Neves,213172455423772,31 7566 8635,1
Dra. Bianca Lima,2358344084816111,21 4320 2438,1
Srta. Helena Gonçalves,349213301505565,+55 (081) 9227-2917,1
Davi Ferreira,3521516626948151,+55 31 6545 0653,1
Thiago Aragão,30598408143078,+55 (031) 6272-5588,1
Gustavo Henrique Oliveira,4625365237612464,+55 11 4015-2367,1
Maria Julia Costa,6011652365674300,(011) 9184-5753,1
Stella Cardoso,341678339446545,+55 81 0344-9119,1
Rodrigo Peixoto,3541115950554564,(081) 7280 8954,1
Isis Mendes,3598059779872751,+55 (051) 5579-6898,1
Vinicius Moreira,374238862440124,+55 (081) 5747-9663,1
Thales Fernandes,4250809656896167,+55 (061) 4711-6752,1
Helena Barros,4353270006624328,(084) 3310-5646,1
Isabella Gomes,4495255834312526,(061) 0331 2310,1
Davi Nunes,213177947927942,+55 (071) 5997-9565,1
Alana Nunes,5280531237689157,+55 84 7449 9120,1
Davi Luiz Viana,376610613420167,+55 81 2534 0428,1
Sr. Enrico Oliveira,4396210301661469680,+55 84 8863-5830,1
Srta. Isabelly Lima,180028597296907,(031) 7738 4355,1
Pedro Lucas Correia,346030583801436,(021) 7166-9906,1
Maria Eduarda Pereira,379674375028433,41 6157 2290,1
Yasmin Barbosa,6011108413148201,+55 84 3521 3832,1
Juliana Correia,4671029210840,+55 (084) 9457 9894,1
Bryan Souza,4507816308405885923,81 3818-1225,1
Bernardo Ramos,4330898052525987,+55 11 0743-7717,1
Enzo Castro,345505602069603,84 3052-3576,1
Laís Souza,3541933794689416,+55 84 9160 9940,1
Isis Barros,639022144393,+55 (081) 3316 4384,1
Murilo Santos,180053216358854,+55 61 5112-8265,1
Emanuelly da Rocha,4604063126317,(051) 5263 8648,1
Davi Luiz Gomes,3505639438749417,41 5146 9869,1
Srta. Sofia Cardoso,4302009921855274,+55 41 3524-3442,1
Letícia Freitas,213128372822728,31 1294-2248,1
Dra. Alícia Sales,4517224675966,0300 913 2304,1
Mariane Silveira,676272793800,+55 (084) 1411-9602,1
Dra. Isabelly Nogueira,6011023880057449,21 4100-2757,1
Vicente Teixeira,5570572919039203,+55 (081) 9971 5850,1
Alícia Ferreira,4330593992031499,71 2539-6252,1
Dr. Pietro Gonçalves,639087600313,(051) 5175-4212,1
Mirella Pires,6582743922069008,61 2447 7847,1
Yago da Mata,340460782214139,+55 (081) 1888-6120,1
Sabrina Castro,4677424735413227,(031) 8356 7972,1
Dr. Augusto Costela,4355893072689913,(071) 7628 6613,1
Evelyn Cardoso,4004990291385,+55 (031) 4757-5005,1
Maysa Ferreira,38908256148370,0300-259-0610,1
Srta. Stella Pires,4905376641135695446,(081) 9657-4236,1
Esther Pinto,4974327798336856,(011) 6351-3215,1
Danilo Alves,4877862120098699,84 3156-3183,1
Thiago Gomes,30069560932021,+55 (071) 2989 7418,1
Dra. Amanda Fogaça,2257768144555800,+55 71 8662 5439,1
Luana Sales,4510151533296489942,+55 (041) 3892 6389,1
Cauê Moraes,3504119401353225,(061) 2267 9905,1
Eloah Rezende,2227385302591126,21 0530 2827,1
Beatriz Cardoso,347562812800457,+55 (061) 4626-6529,1
Ryan Araújo,4862462905562,+55 (041) 5360-3268,1
Srta. Clarice Moura,4154002419830700,51 0419 9308,1
Sofia Duarte,4992788498472796,+55 81 1086-6981,1
João Lucas Gomes,213170943705271,71 0395-5695,1
Dra. Alice Peixoto,2281764330775443,0800 151 8074,1
Maria Eduarda Dias,4136540603563135,+55 41 1479-8747,1
Ian Martins,6530385157530362,(041) 5395-1635,1
Srta. Maria Vitória Fernandes,639068646921,+55 51 0056 2733,1
Luana Cavalcanti,30146792937331,(084) 1365 3246,1
Raul Rocha,3527082742168798,11 3998 5821,1
Caroline Moreira,372512225569767,+55 (041) 2512-8424,1
Benjamin Peixoto,570105079927,(051) 2490 3139,1
Dr. Noah Freitas,2302400914339240,(031) 8232-2776,1
Julia Cardoso,371898099056804,+55 (081) 3463-1928,1
Sra. Mariana Lima,6011328735702721,(061) 6586 8591,1
Thomas Azevedo,3564950308344900,+55 71 5176-4277,1
Luiza Nogueira,4611023670918347967,(031) 4702 7006,1
Ana Vitória Gonçalves,213128599917350,+55 (084) 0695-0124,1
Emanuelly Monteiro,4134071164573174,0500-143-5934,1
Noah Correia,6512775425103616,+55 (031) 1833-2310,1
Lorena Teixeira,342640239737380,(071) 5840-9931,1
Isabel Farias,6552657645381944,(041) 0059-6637,1
Levi Cardoso,4839655324089390,+55 61 5954 8795,1
Brenda da Mata,4835512113650,(041) 3910 4652,1
Luiz Fernando Melo,180083781196652,(051) 5169 8974,1
Isadora Pereira,347223854323078,+55 (031) 6325 4624,1
Srta. Cecília Ferreira,371492890970767,+55 (041) 0435 6832,1
João Felipe Araújo,503838939422,21 0391 5719,1
Sr. Thiago Novaes,348505215270165,+55 (071) 1047 9278,1
Gabrielly Silveira,4956233444289,(031) 1802-7473,1
Stephany Araújo,502080694453,+55 71 8914-3384,1
Sr. Vitor Hugo Silveira,6011049160515541,+55 41 6139-6212,1
Joana Cunha,4137995102478,+55 11 1562 6887,1
Igor Barbosa,373791275309444,(041) 2096-0734,1
Augusto Pereira,2286427473269898,+55 11 1785-3670,1
Nathan Azevedo,6011237978970293,+55 84 2588 0762,1
Melissa Barros,30182276313699,84 2761 0783,1
Eloah Cavalcanti,344189755290463,(021) 6711-8705,1
Larissa da Costa,373673719838321,71 6338-9025,1
Fernanda Teixeira,4063177367681,41 0799 6339,1
Bruna Araújo,577083154739,11 7710-0090,1
Olivia Dias,375254229927447,51 5541 2869,1
Ana Beatriz Porto,2296125387752250,+55 21 1501-9325,1
Marina Gonçalves,4958438223669017,+55 (031) 3253-6641,1
Elisa Azevedo,343115158366502,+55 (081) 1370-0773,1
Alana Dias,6011063285766236,84 0796-8295,1
Dr. Thiago Araújo,3517386943478035,+55 31 9524 7789,1
Bruna Costa,4615833869952,+55 11 1411 5028,1
Stephany da Rocha,570192284216,(011) 5942 5814,1
Bruna Martins,4047862564595338,(061) 1302 0342,1
Júlia Costa,374783425117008,+55 21 5801 1782,1
Clarice Porto,180004597632581,0300-315-3522,1
Breno Duarte,630473615924,(041) 1241 3668,1
João Vitor Castro,5596777045492057,+55 11 3011-0006,1
Emanuel Silveira,3502183748539161,+55 61 9614-7785,1
Yago Viana,4104255893763232,(081) 6153-3415,1
Rodrigo Moreira,3502847760933227,(071) 8114-6509,1
Rodrigo Moraes,4919463078136,(051) 9464 2428,1
Olivia Martins,36390755024448,+55 (061) 1897-4577,1
Bianca da Paz,4917019721135030,71 3990-4278,1
Luiz Otávio Monteiro,180066846176850,(051) 9661-1184,1
Eduarda da Luz,675917088105,51 7797 8788,1
Lara Barbosa,3590594117833501,+55 (084) 6034 4956,1
Luana Santos,675927052794,0900 707 3720,1
Alexandre Lima,3566674681075851,(071) 9306-9655,1
Srta. Fernanda da Cruz,180046155565315,84 3562 2470,1
Gustavo Henrique Moreira,3530317708367736,+55 61 4777-3029,1
Laura Moraes,4455157623531,(071) 2149-4154,1
Luigi Dias,4194158219227,+55 (084) 3211-3400,1
Eloah Farias,180057709804589,+55 41 2667 8827,1
Mariana Barbosa,5262100139185367,(031) 3374 1053,1
Rafaela Ribeiro,4973936341670453,(031) 9295-0296,1
Eduardo da Rocha,3521552234925794,+55 11 2156-3852,1
Vitória da Cruz,213131397247210,81 1623-1525,1
Giovanna Rodrigues,639095108929,0900 360 6927,1
Sofia Mendes,4421392014878,0300-986-7313,1
Camila das Neves,4383383653982701,+55 (031) 5324-4357,1
Julia Peixoto,6598715671984431,(061) 2569 0256,1
Luana Rodrigues,3507080818871950,+55 81 1106 2168,1
Luna Farias,6584508121561651,0500-843-5102,1
Thiago Pereira,3509154061238874,+55 31 6042-6447,1
Laís Cunha,572998358194,+55 81 6056-1016,1
Kevin Caldeira,370044461566937,(021) 8026-6835,1
Ana Sophia Silveira,4526490787738254704,+55 (084) 0836 7977,1
Beatriz Barbosa,575886152124,+55 (081) 4434 8135,1
Vitória da Mata,4992274301054835686,+55 (031) 2509 5521,1
Cecília Dias,4885380890192162,84 0912 9193,1
Dra. Gabriela Lima,502070076737,+55 (061) 1838 5960,1
Benício Jesus,4287174431357153598,+55 81 3819-2334,1
Letícia da Cunha,378591155317524,+55 (084) 7690 1598,1
Bryan da Luz,6527193843518030,+55 71 1188 7616,1
Ana Julia Carvalho,4456240025544,+55 (084) 1797-1906,1
Vicente Sales,3599988317228689,0300-969-6229,1
Levi Costa,2230413926425946,31 4992 2562,1
Thales Fernandes,5274840177579882,31 1829-2766,1
Carolina da Luz,4674051188109055961,81 5044-5093,1
Bernardo Barbosa,4023582908736863,71 0644-0038,1
Julia Dias,502024984333,+55 (011) 5468 4204,1
Marina da Rocha,343817275287277,84 6147-9486,1
Levi da Conceição,4753562332640968217,0300 581 1070,1
Sophia Almeida,213139406648666,+55 (011) 3719-4561,1
Leandro Ribeiro,6011607429531359,+55 (051) 3096 2581,1
Alice Cavalcanti,4310004728399,+55 84 8309-8541,1
Dr. Vitor Pires,3548510781647335,0900-002-9978,1
Gustavo Santos,4403249728482603,+55 11 7365-1440,1
Dr. Vitor Gabriel Mendes,6011151839124307,0500 426 4770,1
Erick da Cruz,6510887858782246,+55 (061) 4841-7556,1
Pedro Miguel Lopes,30371527919665,61 2139-6338,1
Diogo da Costa,3579582384359859,+55 (011) 6156-0298,1
Renan da Paz,4610284743070967,+55 (031) 9022-0668,1
Mirella Lopes,3504105500016441,0800 005 6255,1
Vitor Viana,6585228662215315,(071) 7436-4224,1
Melissa Araújo,4955211142748599,+55 41 2213-0560,1
Maysa Barbosa,180082023490790,+55 31 0591-9260,1
Alícia Ramos,3595847189277022,(061) 9476 4776,1
Pedro Farias,2323291959768376,(031) 1608 4381,1
Fernanda Nunes,4331375280651363,+55 81 6583 6879,1
Gabriela Ferreira,30411003788018,31 2713 2172,1
Dra. Clarice Melo,4582100188716,21 8026-3116,1
Bruno Moraes,4035491217180,71 5502-0275,1
Luiz Miguel Costela,30006690068227,(081) 4502 4747,1
Thomas Vieira,060488122973,11 5276-5209,1
Sr. Cauã da Mota,6521552455705159,+55 84 4120 4019,1
Júlia Jesus,6011024234358913,71 1094-2200,1
Srta. Júlia Porto,213169604512224,41 6059 4815,1
Ana Júlia Costela,503819512701,+55 (031) 9062 8143,1
Breno Nunes,30307830270917,41 9742-3729,1
João Felipe da Cunha,3575940141033205,+55 84 4303 8950,1
Ana Luiza Cunha,30014470906392,0900-003-6225,1
Vicente Teixeira,5547816704865656,0800-208-7834,1
Dr. Nicolas Pinto,213111122421595,(041) 7645 6820,1
Mariane Lopes,4417134897445247604,+55 84 8851-8883,1
Maria Julia Fernandes,2245113806648814,31 9462 3419,1
Luiz Henrique Costa,4871932159056,84 8521 9086,1
Isabelly Novaes,342990022099799,(061) 0845-4136,1
João Pedro Rezende,3578693569645375,+55 81 9918-1325,1
Sra. Júlia Moura,4415183165990289,(081) 9426-6243,1
Maria Alice Viana,6513355515557465,(051) 1058-7308,1
Daniela Martins,36056362725582,(071) 2278 5300,1
Srta. Isis da Cunha,30592298910639,+55 (051) 9462-7643,1
Kaique Rezende,2296604715849988,0500 687 3104,1
Raquel Novaes,676166700655,(061) 6438-7554,1
Beatriz Peixoto,060456397110,+55 84 1945-3537,1
João Lima,4109485404069580,+55 (031) 3989-1775,1
Clara Costela,2720266804206367,21 3599-0314,1
Bruno Moraes,180057658728771,+55 84 1431-8329,1
Pietro Gonçalves,36821182341864,+55 (084) 8272 1780,1
Thales da Rocha,4586463632455678650,(041) 3613 1451,1
Marcela Nogueira,30175270221652,+55 71 0494-0674,1
Dr. João Miguel Castro,38114604595335,(084) 5629 0822,1
Emilly Cavalcanti,4891757632318,(031) 7000 8893,1
Fernando Lima,5381959890082873,0800-470-9726,1
Marcela Moraes,4396088356678770,(051) 2226-9126,1
Dr. Danilo da Conceição,213174744845195,41 8439 0306,1
Juan da Rosa,4536320517347495,+55 (011) 4533-7102,1
Samuel Nunes,2246315064091715,(071) 3770-6842,1
Erick da Mata,4846815609259735,+55 71 5946-7116,1
Sr. Erick Monteiro,3568430688429965,41 5653-4457,1
Dr. Nicolas Fernandes,4110313115873917,84 1562 3238,1
Ana Júlia Ramos,213148318635950,+55 11 1281-6579,1
Davi Luiz Nogueira,060479155479,(061) 7706 3986,1
Arthur Nascimento,4017975849614827450,+55 (061) 6923-2872,1
Julia Carvalho,4656926084795384957,+55 (084) 1545-4380,1
Maria Sales,585145233573,0800 587 7081,1
Lucca Souza,3529133014480409,51 8091 0815,1
Sr. Vicente da Cunha,630443644038,(031) 1536 0428,1
Letícia Fernandes,6011306270235216,0900 327 1132,1
Nina Santos,4260769943376330344,+55 21 1278 1587,1
João Pedro Aragão,676210751084,(081) 1877-6385,1
Cecília Rocha,3587973829610909,(041) 1574-2332,1
Sra. Olivia Nascimento,675900609826,+55 81 0796 2403,1
Danilo Cunha,3581598565080979,+55 (011) 4659-8384,1
João Felipe Mendes,582562623311,+55 (041) 9650-6903,1
Cecília Ribeiro,6520998424076100,+55 41 7298 3074,1
Eloah Rodrigues,6586851299076500,71 5536 2270,1
Ryan Costela,4075727674688452,(051) 2226 5955,1
Arthur Sales,4862768516953201858,+55 31 6985 7294,1
Maria Sophia Fernandes,180062102323633,(031) 9249 5809,1
Sophie Barbosa,4287949724349802,0800 922 8302,1
Nina Cavalcanti,4641991462530335066,+55 51 8258 4608,1
Enzo Gabriel Monteiro,4873738421532,+55 (084) 4504 9806,1
Dr. Vitor Silveira,3564761164427014,61 5727 5465,1
Breno da Rosa,4550868877658811,+55 (021) 8175-6386,1
Dr. André Souza,2419455497785722,+55 11 9543-1747,1
Kaique Moraes,4429115239407760530,+55 71 1994-5827,1
Olivia da Conceição,4602629227034527,+55 (031) 8751 6716,1
Rafael Caldeira,4167678683452001,(081) 8765 4077,1
Dr. Emanuel Ramos,567249930130,(021) 6885-5269,1
Gustavo Henrique da Costa,3549926809749789,0800-670-1052,1
Marcos Vinicius Rocha,630452097623,+55 51 8752 7998,1
Júlia Lima,4682651822992,+55 21 5536-5593,1
Kaique Cardoso,4374423205421,+55 (071) 7720 9935,1
Benício Silva,30120384462636,(071) 2458 8604,1
Isabella Pires,341489148400776,41 0126 4941,1
Dr. Davi Lucca Fogaça,4875042520097179020,71 0157-8242,1
Emanuel Cardoso,3526484140169017,+55 71 4751 0202,1
Luiz Henrique Fogaça,180011618286727,41 2284-6832,1
Henrique Rodrigues,213103305597929,21 3398 1900,1
Dra. Sophia Novaes,4250727755547103,(084) 0665-6559,1
Lucca Silva,30166609434876,0300-614-7302,1
Emanuelly da Cunha,4729743217462800,+55 (031) 3557-7539,1
Dr. Diogo Porto,30030265291287,(011) 6621-8838,1
Marina Viana,30292669907989,11 3188 9518,1
Maria Fernanda Campos,3577990284218517,0800-457-7923,1
Renan Souza,3596452978249115,+55 81 1926 2611,1
Rodrigo da Luz,060445096039,+55 (011) 6655 0621,1
Dr. Augusto Souza,3581485746861552,(041) 8987-2731,1
Dra. Isis Ferreira,2720331632693986,+55 61 6251-0271,1
Sr. Igor da Paz,4598776855938029962,31 8127 1887,1
Cauã Cavalcanti,4152907514033,(084) 7270-9491,1
Dr. Luiz Otávio Viana,6011733527653281,+55 (081) 1926 2450,1
Rebeca Moura,343194835942670,(071) 4946-5433,1
Dr. João Vitor Vieira,3595933974940576,+55 51 2198 6957,1
Thomas Jesus,2577180391200408,(041) 9996-7492,1
Giovanna Moraes,4850110679697,(061) 8809 3282,1
Kevin Caldeira,4327701864551078276,41 8153-9403,1
Dr. Gabriel Pereira,346033746368939,71 9451-2868,1
Ana Clara da Cunha,4406729642039230,+55 11 9231 0576,1
Camila Azevedo,213168097155434,31 5892-0174,1
Lucca Moura,30456609636020,81 7265 9863,1
Luiz Henrique das Neves,347705539215778,+55 (071) 6529 3088,1
João Vitor Cunha,3588363342685449,11 9660-4339,1
Heloísa Mendes,3590042169201466,+55 (071) 8682 5568,1
Marcelo Caldeira,377634126016477,+55 (084) 4160-7438,1
Renan Jesus,4452628484377248940,61 6937-2601,1
Pedro Henrique Novaes,4936135108365201,11 4802 8707,1
Brenda Moreira,377334110896576,84 6075 4794,1
Dr. Davi Ramos,4622169227415690281,+55 51 2513 1282,1
Thomas Silveira,180071380178973,0800 854 3076,1
Vicente Pereira,4575965625903530,0500 589 6887,1
Carlos Eduardo Melo,2471555246974025,(011) 8898 8655,1
Rafaela Pereira,377017526531123,+55 81 2577 2431,1
Kevin Barros,4424734121625,+55 (021) 0043 7040,1
Emanuella Cunha,4351465775999768,+55 61 2269-6517,1
Enrico Santos,2279578268906604,(051) 8303 5099,1
Sra. Emilly Fernandes,2270275868252682,11 6800-4641,1
Clarice Dias,4271502978422797,+55 (061) 6566-2110,1
Srta. Ana Luiza da Mata,4073338693764499545,+55 31 0002-5591,1
Sr. Igor da Mata,4599879845776839113,(084) 5571-7776,1
Augusto Rocha,4453644205170061570,+55 61 7308-1125,1
Daniel Pereira,376930584510667,61 7964 8280,1
Rodrigo Moura,4331390336330227,71 3708 0946,1
Marcelo Azevedo,4591728986526,(031) 8498-2709,1
Sr. Lucca Porto,676326503163,84 6941 3173,1
Eduardo Moura,5420556907989984,(041) 5764 4815,1
Bernardo Cardoso,4766286576196,41 7979 8097,1
Isadora Sales,3589080544769503,31 9906-5741,1
Sarah Cunha,4158136758840312,+55 (081) 3018-5593,1
Maria Teixeira,060450216068,+55 31 5183 8322,1
Giovanna da Mata,4714059489976121,(051) 0969-0480,1
Ana Julia Melo,3582483597581444,+55 (081) 2835 7227,1
Vitor Hugo das Neves,676228263890,(051) 9645 9027,1
Sra. Ana Laura Sales,060448269393,+55 (071) 3507 0525,1
Luiz Miguel Costela,377162304936993,+55 41 1296-1791,1
Bruna Pereira,4995087698955186949,(081) 1158-6814,1
Maria Luiza Nunes,4924491061534844,61 3679 5103,1
Sra. Brenda Alves,3549898685173568,+55 51 4089 7385,1
Heloísa Lima,4094463781228290,+55 (084) 2832 7616,1
Brenda Nogueira,30297439640992,0900 463 0170,1
Yago Pinto,4902022653456520,+55 71 4675 6730,1
Luiza Cunha,2322795766786935,(021) 8697-5504,1
Valentina Peixoto,4032404968833739955,61 4000 7655,1
Catarina Fernandes,6504597561572390,+55 (011) 7204-8412,1
Augusto Dias,6507574297263534,0300 913 1478,1
Luiza Barbosa,5444258312314443,0800 400 6548,1
Pietro Lopes,502089833367,+55 61 9416-8603,1
Caio Farias,4115759589312250,+55 (051) 5439 0680,1
Augusto Aragão,4024413877280221,+55 31 2499 9170,1
Nathan Ferreira,4566027585923742,31 3211 5045,1
Cauê Cardoso,180062332416959,41 9363-4319,1
Luiz Miguel Correia,3577198064668535,+55 (041) 7837-8565,1
Sr. Pedro Henrique Fernandes,4924104147712,+55 31 1461 2339,1
Rafaela Pereira,36185918403822,+55 (011) 2211-5596,1
Maysa Gonçalves,4052862825454681,11 7583-4291,1
Lucas Gabriel Barbosa,6011962107196334,(021) 8042-5630,1
Clara Cavalcanti,2289126119271733,+55 (011) 9053 7700,1
Danilo Costela,6592961502009164,+55 71 4853 2020,1
Noah Araújo,3569026301113215,(071) 9007-1756,1
Joaquim Cardoso,340724072385895,0900 904 2341,1
Sabrina da Mota,4383322067106390,(084) 6485-1198,1
Diego Cunha,6011732497235756,(071) 2511-8425,1
Luiz Fernando da Cruz,4959184552619075667,(021) 1114-3883,1
Dra. Agatha da Rocha,30389860438812,(084) 0892-6286,1
Raul Nunes,213122680028565,+55 (084) 0680-0832,1
João Gabriel da Rocha,30272557415238,0800 611 5513,1
Amanda Moreira,4941383893196,51 9519 5959,1
Cauã Farias,4115049604335,11 7627-2436,1
João Cunha,180018446784294,+55 (051) 1529 9295,1
João Felipe da Costa,4629806043081507,84 8689-9199,1
Letícia Ramos,3547362587903202,+55 (081) 1572-5004,1
Ana Júlia Nascimento,30380202512844,(071) 2060-3342,1
Ana Luiza Lima,5564616140495490,(071) 9208 3125,1
Gabrielly da Paz,30492223237655,+55 71 6629 0491,1
Julia Nascimento,3503061094220660,51 1285 6441,1
Igor Castro,30227552076559,71 9527-5968,1
Guilherme Fogaça,3573406471590976,+55 (021) 7602-3194,1
Matheus Moura,675974590977,+55 (071) 0032-2161,1
Davi Duarte,4181434610105,51 8655 3281,1
Isis da Cruz,6566410288724051,+55 (061) 9707 4383,1
Dra. Fernanda Farias,180087350743109,+55 11 8921-8896,1
Beatriz Campos,3527278138062542,84 5553 7649,1
Maitê Caldeira,676273665726,+55 (031) 3635-1002,1
Ryan Moreira,4766581496603,+55 (071) 6416-0734,1
Leonardo Rodrigues,3573073412726125,+55 11 2800-2861,1
Rebeca Ribeiro,4455324958976,+55 (061) 4657 8418,1
Lucca Fernandes,4495413411503,(031) 4224 3789,1
Vitor Hugo da Rosa,3572820474830265,(031) 9303 0581,1
Caio Carvalho,3592592728974647,31 5529 2980,1
Sr. João Gabriel da Rosa,3532543240904516,+55 (021) 9238 9382,1
Sra. Alícia Vieira,4771193982545,(081) 1778-6425,1
Benjamin da Mata,6011461147457061,(081) 1033 6829,1
Carolina Teixeira,6577040784169779,(081) 1626-2388,1
Isadora Silva,4855587201268517,11 0574-0651,1
Caio Gomes,4496907568581260722,41 3103-3805,1
Pedro Lucas Lopes,4912145377972923445,(081) 6005-1247,1
Rafael da Cruz,4171201484107,21 7479 8107,1
Joaquim Lopes,6500902660515973,+55 (081) 9725 6438,1
Fernando Melo,4857020349689600894,+55 84 5588-9308,1
Lorenzo Mendes,4624276736596630,(081) 6111-9695,1
Dr. Matheus Moreira,30373993505192,41 2096-6113,1
Sr. Thiago Araújo,584460000139,+55 (011) 0368 4735,1
Srta. Pietra da Cunha,4521912553130599935,+55 61 7927-7110,1
Samuel Alves,6599595400478841,+55 (061) 6695 9793,1
Murilo Araújo,3535894517235606,+55 (011) 4568 1930,1
Srta. Mirella Fogaça,4725110947312,(031) 0660-1350,1
Dra. Cecília Cardoso,6011226362358280,+55 21 1306 5105,1
Clara Martins,30094114741256,(071) 3370 8289,1
Maria Fernanda da Costa,4996922019541104,(041) 0779 1152,1
Melissa Azevedo,6597316439660578,31 4621-4578,1
Luiza Moura,3533444867173981,(084) 6410-2375,1
Rafael Cunha,30569054082548,41 3392 4913,1
Pietro Moura,4547000808100616,+55 51 5149 0341,1
Dra. Ana Farias,3540584597073059,0500-582-1238,1
Laís Ramos,4037594716714794055,21 9749-6698,1
Pedro Miguel Barbosa,2232653308075011,(051) 9560 1926,1
Luiz Felipe Vieira,4539820023290888,11 5868-3975,1
Luna Barros,4395646102870081,(051) 2163 6127,1
Dr. Luiz Otávio Costela,30372411451633,0300 906 0634,1
Diogo Viana,3567366515164956,+55 81 1934 5333,1
Pedro Pires,38335862821820,71 8362 9243,1
Paulo Cardoso,3583339433130573,(041) 0327 9072,1
Rodrigo Gomes,180011784705351,(071) 9312 5753,1
Ryan Porto,6571026819430191,51 6690 0340,1
Lucas da Mata,3539917289119116,84 3740-2318,1
Emanuella da Cunha,3512036033697730,81 8669-0450,1
Dr. Kevin Ferreira,180007204560939,(011) 3523-5235,1
Vitor Gabriel Rezende,676100398897,31 4388-4862,1
Leandro Barbosa,4306132110344698,+55 81 4572-1477,1
Breno Lima,5223722141228626,(084) 9747-2422,1
Eduarda Silveira,375825702587293,+55 84 6375-0764,1
Davi Luiz Fernandes,3553364149629193,51 5035 2941,1
Thiago Costela,4009927866272872,+55 (021) 5886-8727,1
Sofia da Cruz,3599762023407261,+55 (011) 8585-1015,1
Sr. Luiz Otávio Peixoto,3521877731318734,61 9584-2434,1
Raquel Porto,6011755617802783,+55 31 3730 9542,1
Ana Lívia Barros,4765656379538560516,(011) 4720-2168,1
Brenda da Mata,6011299722724236,+55 51 5156 7539,1
Nicolas Cardoso,374575396915125,11 0737 0294,1
Joana Caldeira,3580197404805232,+55 11 7509-0376,1
Manuela Ramos,2714867273144738,(084) 5148-8984,1
Nicolas Costa,4722085461861270,(061) 0232-3495,1
Stella Oliveira,503854578377,+55 31 1522-4740,1
Emanuel Araújo,213185575938719,+55 (081) 5347 6914,1
Sr. Pedro Miguel da Rosa,4040868437399540,0300-011-0266,1
Felipe Jesus,676359117121,0800 993 2394,1
Benício da Paz,6011948067552996,+55 (071) 6780 2234,1
Dr. Miguel Alves,4747748798433094,+55 81 9063 9272,1
Daniel Dias,4724160944918969,+55 41 7965 2510,1
Clara Azevedo,4468922943150211,81 0417-4716,1
Dra. Catarina Santos,6011416224941643,(084) 2295-4427,1
Stella Pinto,4726003187342109,(041) 8792-1267,1
Heloísa das Neves,3526406037360219,(011) 7888-8893,1
Alice Lopes,3504884996445559,+55 (021) 8087 4882,1
João Guilherme Oliveira,6565579168232210,(081) 9692-3442,1
Guilherme Rodrigues,4072615981174022,0500 614 1050,1
Calebe Castro,3525057904453834,61 1577-8674,1
Mariana Gonçalves,2250941304944240,+55 61 2845 9204,1
Lara da Paz,2711430901362330,(031) 7746-7928,1
Sra. Luna Farias,4806385723799568,61 0842 7732,1
Sr. Lucas Farias,2515263884512706,31 3062 1090,1
Maria Cecília Cardoso,5100309939183748,31 4397 5171,1
Eloah Gomes,6011019183759715,51 2209 0169,1
Sr. Pedro Lucas Carvalho,587927147781,+55 21 1659 5114,1
Mariane Vieira,3548996057952667,(051) 7038-4513,1
Bryan Viana,4369041452066061002,+55 (011) 9148 7216,1
Maria Fernanda Castro,213131909460665,51 3244 8504,1
Kamilly Cardoso,3550680403775361,51 5034 3188,1
Ana Carvalho,379913173675445,+55 31 7116-4393,1
Thomas da Costa,6554689998200338,(081) 1738-5353,1
Sr. Vitor Hugo Monteiro,30253676092843,0800-083-0142,1
Olivia Barbosa,4715619868304139050,+55 (061) 6030 4799,1
Elisa Cunha,6542746164409849,+55 (084) 3031-6322,1
Gustavo Nogueira,4586593208187235,(041) 6119 6229,1
Sophie Vieira,4661486199261290298,(011) 6312-7589,1
Eduardo Moreira,3594239980707160,(061) 5138 8565,1
Bianca Pinto,4610987650749114,+55 61 9736 9003,1
Luiz Miguel Castro,3523839703915028,+55 (041) 3541 1975,1
Yago da Cruz,3595035525683091,(021) 3675 9027,1
Benício Nascimento,6577627545888794,+55 (031) 9420-3647,1
Natália Castro,3565088318200132,(021) 4370-0675,1
André Nascimento,4152992567346750,84 1677 9172,1
Sra. Maria Fernanda Melo,4110456857328,+55 41 7281 7644,1
Luana Silva,4007112258179111992,+55 (051) 1842 5987,1
Gabriela Freitas,30568624797759,+55 81 7963-3127,1
Srta. Lavínia Santos,3585496087041288,+55 (084) 2583 2086,1
Sophia Barbosa,30030181553174,(084) 2111-2159,1
João Freitas,4181123297573720,(031) 5621 6001,1
Lorenzo Almeida,060464236474,81 8894-3715,1
Dra. Ana Lívia Moreira,4755807548913612,0900-444-5258,1
Dr. Luiz Otávio Souza,6584694718440580,+55 (021) 2176-2872,1
Sophia Ribeiro,563286512899,+55 31 4894-2950,1
Mirella Teixeira,5174717269508790,+55 (051) 1867 1008,1
Evelyn Farias,180054116450916,+55 (051) 6311-9803,1
Alícia Moreira,371178412416195,41 0786 6555,1
Dr. Anthony Pinto,676370214261,(084) 1206-0142,1
Brenda Dias,213126586345197,81 7668-4649,1
Enzo Gabriel Vieira,2674331902111756,+55 81 8320-4488,1
João Miguel Ramos,3506934684762118,0500-394-2323,1
Luiz Felipe Rodrigues,4484099823763641007,+55 31 4159-1515,1
Enzo Silva,30008104841389,(061) 3244 6139,1
Rodrigo da Luz,30331634126802,+55 (041) 5894 6550,1
Raquel Sales,30452775113688,(084) 5490 3068,1
Gabriela Cavalcanti,347044019235175,0800 570 5333,1
Carolina Oliveira,6011689748223728,+55 (031) 6665 9931,1
Julia Moreira,3564258826675221,+55 (084) 1272-2922,1
Vicente Ramos,342323509705284,0300 749 4804,1
Laís Rocha,375233804542094,0900 534 7802,1
Lucca da Rocha,4583984862956119,+55 (051) 7486-1187,1
Isis Ramos,5121594231387759,0500 976 1007,1
Caio Costa,30333455776764,(071) 7680 0280,1
Lavínia Ramos,2422380758969192,+55 61 1510-2587,1
Dra. Alícia Fogaça,180036400252140,71 4395-2928,1
Kamilly Correia,213178084105755,+55 (011) 2245 1440,1
Sr. André Correia,4114841271007751,71 6639-9691,1
Vinicius Viana,4145974340183,0500 118 3624,1
Rafael Viana,3517953287447726,+55 (081) 2751-7854,1
Clarice Araújo,2249412575289354,+55 81 1575 0974,1
Ana Júlia Ferreira,4242614693301,81 4845 9044,1
Vitória Rezende,30446301629365,31 4558-1038,1
Lavínia Freitas,30504630774292,(081) 8857 6097,1
Dr. João da Rocha,4624360235299092,(041) 3331 7723,1
Luiza Rodrigues,6011824236125677,71 0855-9290,1
Sra. Alícia Freitas,4204298705140,(081) 1778 6289,1
Sra. Natália Nogueira,3522247733547616,+55 (021) 4878 4071,1
Isadora Teixeira,4783940555789140,+55 21 3765 9719,1
Igor Monteiro,2381416545650775,+55 (031) 8923 9873,1
Heitor Farias,4229341075616503,0800-395-1082,1
Ana Carolina Costela,4762486146682,(031) 1680-2664,1
Catarina da Cunha,4614821224163,+55 (081) 2492-6619,1
Erick Pires,4504924182732531,+55 11 6953 7505,1
Vitor Gabriel das Neves,4363914911719975733,11 5412 0543,1
Maria Cecília da Conceição,4770563969348,(031) 1794-3291,1
Raquel da Paz,213193456993811,(041) 4338-5631,1
Alícia Cavalcanti,3569677063206785,+55 81 0034-4696,1
Dra. Laura Carvalho,30238372092890,21 1339-0080,1
Ana Carolina Gonçalves,4523850858171665200,(031) 4110-6964,1
Dr. Luiz Miguel Rezende,213108282243272,+55 51 6490 4675,1
Maria Fernanda Fogaça,180009045093963,+55 41 1385-3722,1
Luiz Henrique da Paz,3506325252828755,84 0785-5975,1
Luna Gomes,4326920701867011889,+55 41 5107-2592,1
Sr. Luigi da Luz,3501602366210012,41 4609-0293,1
Enzo Gabriel Duarte,4605891940788386,0500 692 6377,1
Maria Alice da Rocha,6537947924198154,71 6345-6687,1
Enrico da Mata,6011757054841720,(031) 7404 2199,1
Davi Luiz Pinto,3527545736640717,(081) 6159-9620,1
Otávio Freitas,4099012994980042,+55 41 6442-0700,1
Pedro Miguel da Conceição,340246468767718,+55 (061) 9115 4315,1
Maria Clara Gonçalves,6011238353994999,+55 11 5934-1013,1
Dra. Ana Julia Souza,4373241986583636846,+55 (071) 7954-9704,1
Sarah Silva,3500994827357446,(051) 7172 2846,1
Sra. Alexia Fernandes,4482336472739,+55 (041) 3137 3826,1
Sr. Levi Almeida,6011953125927289,+55 61 1508-8533,1
Fernando Peixoto,6011199059288526,+55 (021) 8745-2941,1
Enzo Gabriel Silveira,345516451068778,+55 (051) 2153-3938,1
Maria Sophia Costa,180062522191057,(041) 9102-9031,1
Lorena Lopes,4207819633522111,+55 31 0194 5965,1
Maysa Costa,4738896164402386470,(071) 5926-8294,1
Paulo Pires,2223777167842392,+55 84 5071 4563,1
Dra. Heloísa da Cunha,501851744828,(084) 6183-1911,1
Gabriela Cardoso,3543151322556514,(051) 0884-9443,1
Sra. Ana Julia Ribeiro,4449425619664428,+55 61 6821 6285,1
Calebe Souza,3524441691879727,(084) 7274 6462,1
Srta. Bárbara Carvalho,3517452110938811,21 9655-0064,1
Milena Dias,4396909694749780763,21 5932 9285,1
Isadora Costela,3564589522901408,(071) 2684 0472,1
Sra. Stella Jesus,503869029333,(084) 3520-1974,1
Fernanda Almeida,180056804348708,11 0268 3647,1
Fernanda Araújo,180094553541751,+55 (031) 5510-1096,1
Maria Sophia Gomes,3514459825716757,+55 (011) 2716-5360,1
Henrique da Luz,3531075486465986,+55 (011) 6530-9722,1
Samuel Duarte,4992263390521496,31 2436-4107,1
João Silva,4481380606294656,+55 81 0189-6704,1
Murilo Jesus,30412602011679,(031) 2624-2526,1
Gabriel Rezende,180024921631208,51 3818 0001,1
Ana Carolina Nogueira,3522041848319890,61 1744 2637,1
Emanuelly Duarte,344728979390557,+55 71 9384-7756,1
Sr. Thomas Sales,38119379795317,+55 (071) 6007-2928,1
Heitor Viana,502034605365,11 0241 8722,1
Samuel Almeida,4300614982684,(071) 5033 2184,1
Lívia Moraes,3511474943231418,0900 750 7189,1
Breno Monteiro,6011411836651813,+55 51 6088 9626,1
Luigi Ribeiro,30080898667841,(031) 0043-0097,1
Srta. Lívia Sales,348838115050746,71 9324-9566,1
Manuela Campos,6011623915464450,41 3887 4494,1
Juan Araújo,4197346973568449,(051) 4445 6971,1
Sra. Eloah da Paz,4810111617591844,+55 61 3614-3492,1
Natália Cardoso,5447336135764809,(084) 9076 6888,1
Vitor Pereira,4733430628364,(071) 8794-9261,1
Raul Cunha,4745633419300,21 8523 0143,1
Leonardo Silveira,4183846115673,+55 (011) 7722 4568,1
Lívia Souza,5350881520515022,+55 (031) 7981 1096,1
Ana Sophia da Cruz,378477825457918,+55 61 8606 2976,1
Pietra Novaes,3527459257607321,(041) 0916 3642,1
Beatriz Silveira,30419391194897,+55 (041) 6614-4522,1
Marcelo Rocha,3565023074077689,71 9183-2902,1
Noah da Cruz,4486601655119949,+55 (081) 6956-1762,1
Sr. Henrique da Conceição,4466535548671829,+55 (071) 7735 2935,1
Bryan Freitas,4479906013887106,(081) 2689-7210,1
Srta. Bianca da Cruz,3564338300351539,+55 11 8912 2027,1
Pedro Henrique Monteiro,6547975599709078,0500 450 0166,1
Dr. Miguel da Conceição,6011883272414809,(081) 6934 9092,1
Maria Cecília Ribeiro,349451849959320,+55 81 6578 8742,1
Esther das Neves,676113388521,+55 71 7059 1193,1
Ana Julia Gomes,573976070918,(081) 9712-6257,1
Caroline Alves,180018549548075,11 2682 1217,1
Marcela Vieira,3562616195731358,84 5799 2810,1
Manuela Nogueira,4684017749347845778,+55 (051) 8809-3908,1
Agatha Cavalcanti,4948212387704,(071) 2780 0922,1
Eduarda da Cruz,3558143192123063,+55 (081) 4321 7558,1
Bárbara Barros,349499939498568,+55 (081) 5671 1200,1
Juan Teixeira,5257674439819344,(021) 4848 8977,1
Giovanna Fernandes,30392048457092,0500 326 9201,1
Sra. Carolina Dias,4753276708896722,+55 (031) 6664 8935,1
Joaquim Almeida,6560185631976170,(041) 3736 9984,1
Heloísa Peixoto,4607709090626537,+55 (071) 3703-2845,1
Maria Julia Fogaça,30100299516619,(041) 7618 9850,1
Paulo Moreira,6584370436979163,+55 84 2672 9785,1
Eduardo Ramos,4767388731941302,+55 84 2806-3748,1
Eloah Duarte,4882263676164407120,0500-798-1553,1
Sarah Dias,5518595466332874,+55 11 5171-3440,1
Dra. Ana da Mota,3528535698987395,51 1424 5859,1
Ana Júlia Teixeira,3570812436595609,+55 71 3937 8594,1
Lorena Monteiro,6582302570124498,+55 21 2770 9068,1
Julia Nogueira,4567229388290639,84 1887-5361,1
Sophie Gonçalves,3522024123327663,(031) 9751-1206,1
Daniela Farias,3563901897414670,41 6579-1718,1
Lavínia Mendes,180097092173762,(051) 8893-5370,1
Maria Sophia Moreira,3594859798385147,+55 71 2443-2351,1
Benjamin da Mota,2563530920989648,+55 (041) 7142-7199,1
Isabella Araújo,4030895983176183547,+55 (041) 4593 8165,1
Joana Farias,2225609048704673,+55 41 0029-5305,1
Emanuel Ribeiro,6561396723417499,31 2370-2024,1
João Vitor Ribeiro,639008414729,+55 (011) 7200 1293,1
Lorena Gonçalves,2278728706760169,(061) 0384 6004,1
Luiz Felipe Farias,6011540799019186,(041) 5920-1295,1
Sr. Yuri Rodrigues,4481061700888417,31 4420-1790,1
Lavínia Moraes,4703551612314777,84 8103 6409,1
Raul Oliveira,3574604501810633,(051) 2342 0152,1
Rafaela das Neves,4598396668773,(031) 9864 0800,1
Isadora Vieira,4233561977896,(051) 4892-9024,1
Catarina Nogueira,630454495452,0800 078 1668,1
Srta. Alice Rocha,4142602477265569,+55 (031) 0483 1441,1
Milena Alves,630460767381,71 3594 7134,1
Calebe da Paz,573647529631,+55 (071) 2696-1352,1
Rafael Pinto,30137556856791,+55 81 9902-3103,1
Ana Laura Nascimento,213116336760464,+55 81 5347 1446,1
Valentina da Mota,3516880245928169,(021) 9815 3564,1
Ana Clara da Paz,4864211077519627,(051) 0692-3641,1
Gabriela da Conceição,2282064826670979,0300-803-6697,1
Maria Sophia Dias,630449268055,+55 61 2126 9716,1
Sr. Luiz Otávio Lima,2720959878999400,(084) 0879-0044,1
Isabella Rocha,4223351281611248167,21 4093 9407,1
Maria Fernanda Carvalho,501819691467,11 0596-3155,1
Sr. Pedro Henrique Nogueira,213176020153699,0900-309-3606,1
Pedro da Mota,36910195324320,(051) 2963 5524,1
Melissa Vieira,3599261503812900,51 1747 5517,1
Gabriel da Rocha,38673448738716,81 4572 2383,1
Sr. Noah Pereira,3512331498126873,(084) 8253 5009,1
Luiza Costa,3503447106374258,+55 (071) 3404-7387,1
Luna Nascimento,6011417970697421,(071) 2126-5957,1
Clarice Aragão,562028906252,(061) 4360 4676,1
Erick Duarte,060417068081,+55 (051) 3056 6477,1
Emanuelly Nunes,4421373440223307,71 7794-7495,1
Carlos Eduardo Barros,5116532299920928,+55 11 5157 8502,1
Stephany Farias,4082716778209421049,81 4256-5037,1
Sr. Luiz Gustavo Gomes,2270526316255481,+55 (041) 4109 5367,1
Emanuel Dias,4005320840541088917,+55 81 2668-4167,1
Benjamin Caldeira,3588254725954322,+55 (081) 9010 3964,1
Srta. Maria Cecília Carvalho,213190279524575,(051) 5043-6949,1
Cauê Carvalho,4390224008039212,71 6482 8223,1
Isabelly Melo,3527239824793576,+55 (081) 2227 5032,1
Olivia Santos,4268880491097006,(071) 1972-3429,1
Pedro Lucas Teixeira,4168978220441,+55 (084) 4179-1882,1
Dra. Ana Sophia Viana,4141508918008,+55 11 1071-7332,1
Esther Ferreira,379755102201490,0900-906-0637,1
Sr. Ian Ribeiro,4386683981895450,+55 81 4949-1048,1
Maria Alice Melo,2235316215346183,+55 (084) 2844 2926,1
Luiza da Rosa,213127893802128,61 6816 6307,1
Isabel Vieira,30498886468560,(031) 6053 0280,1
Cecília Aragão,4038317668461,+55 11 9474-9003,1
Caio Araújo,213132475690339,51 8001 3927,1
Matheus Nunes,2719326612418027,+55 81 1371-0515,1
Srta. Camila Rodrigues,676107581487,11 2970 8484,1
Giovanna Mendes,6541235040906211,+55 51 7641 2343,1
Ana Luiza Martins,6554516251128916,+55 (011) 1310 1057,1
Gabrielly da Mata,4617859010424642,+55 31 4961 6816,1
Leandro Correia,4663206624527671804,81 0213-8186,1
Srta. Evelyn da Cruz,4557791458670638,(041) 9819-9966,1
Maria Alice Rodrigues,3547631547910212,(051) 0868-2342,1
Isabella da Rocha,180046537877362,41 6623-4643,1
Júlia Viana,4680343893070162,+55 (041) 6091 9383,1
Sr. Cauã Viana,6011489273589902,+55 (041) 7098-6995,1
Valentina Gonçalves,4377784878161633,(084) 0024 0473,1
Emanuel Silveira,4955678560310,+55 11 9903-9804,1
Maria Sophia da Conceição,3526212034978981,+55 (021) 1046-5546,1
Nicolas Campos,4067458826567556,+55 41 3959 3877,1
Cauã Pinto,6584502820067532,0900-759-1991,1
Heloísa Pires,6586473585221599,0300 071 0527,1
Natália Novaes,3519155918231721,(041) 5666-0310,1
Sr. Gustavo Henrique Viana,4083674451895,+55 (061) 8523-7430,1
Nicole Cardoso,6011924317276207,+55 (071) 0674-8281,1
Bryan da Paz,3522217585691242,71 6651 9949,1
Ana Júlia Lima,2284716399377252,+55 11 8649-0598,1
Sarah da Rocha,341904248016702,61 2708 7868,1
Juliana da Costa,3559708626984634,+55 31 5500-5871,1
Agatha da Conceição,36334495825359,+55 (061) 2835 0951,1
Vitor Hugo Teixeira,213159127367727,+55 31 9172-0029,1
Dr. Erick Moura,3569028584192205,+55 (031) 6535 9379,1
Ana Julia Nogueira,4149065728165520,+55 81 6595 3215,1
Giovanna Almeida,3560307909177144,(011) 1072 6373,1
Dra. Maria Cecília Melo,3532233467569008,84 9150 1571,1
Gabriel da Mata,3583142782168768,+55 71 3991-6136,1
Igor da Luz,374658169777995,71 1760 1025,1
Ana Lívia Nogueira,4870804134246887,+55 (011) 1181 0375,1
Melissa da Paz,503898220820,41 2612-8259,1
Francisco Moreira,30407503223431,+55 (061) 6942 4323,1
João Gabriel da Rosa,3566240501920534,+55 (051) 7698-8197,1
Kaique Fernandes,4386667531940049,(021) 0435-4952,1
Noah Rodrigues,30170362035235,71 8085 7730,1
João Vitor Barbosa,503870084681,+55 41 9827 4280,1
João Lucas Rezende,6011860126025684,(021) 0510-0558,1
Daniel Farias,676260833485,(041) 5745-7026,1
Dr. Enrico Cardoso,6570130808587812,51 6148 5116,1
Kamilly Caldeira,3589973292820389,(011) 0344 3550,1
Sr. Bernardo Rodrigues,4301612423890779418,+55 (084) 1641 3992,1
Vicente Gonçalves,4401210056970,+55 81 6133 2469,1
Sr. Vicente Correia,374784182145240,0500-706-3278,1
Eduardo Sales,3518699460523218,(041) 4783-4352,1
Luiz Otávio Nascimento,180083797265640,+55 (051) 4884-0572,1
Esther Dias,4780769219732185,0900 467 9405,1
Sarah da Mota,4747624139034760,+55 (051) 5213-6322,1
João Miguel Gonçalves,4013646225005484,61 6295-6868,1
Srta. Emanuelly Martins,3553059343065430,+55 (011) 1678 3953,1
Isabel da Mota,4390769626099915,84 8465-6837,1
Ana Luiza Oliveira,4004728179209,0900-792-6270,1
Eloah Alves,30515661112749,+55 11 2076-2031,1
Pedro Miguel Farias,4078168443333991760,71 7003-2382,1
Thomas Freitas,30433247217034,(051) 2013-5138,1
Marcelo Araújo,4248314152889316,31 2457 5349,1
Sr. Vinicius Alves,676159140794,11 7038 2799,1
Sr. Ian Vieira,4715222054396,(031) 9563-1837,1
Yuri Silva,2696587985254409,(051) 2650-7111,1
Isabel Rocha,6011423304791054,(051) 9775-7926,1
Pietro Barbosa,6011494011695060,(011) 2625-0897,1
Vitor Hugo Rodrigues,30359437351830,(081) 5032 3746,1
Clarice Costa,2289104693641365,+55 (031) 7834-8596,1
Rafaela Dias,376381837229418,41 9197-4751,1
Pietra Cavalcanti,3596496644439733,41 3382-0041,1
João Pedro Vieira,3557224099215128,0300-635-6643,1
Anthony Lopes,3554738500882294,+55 31 5975 0546,1
Maria Clara Ferreira,180000624204493,(051) 4303 8649,1
Dr. Enrico Teixeira,344463403064350,(084) 9719-1417,1
Heitor Duarte,213137178864990,(051) 0599 1902,1
Valentina das Neves,4023891366203100495,(061) 1555-2929,1
Sra. Larissa Fernandes,30058640580314,21 5790-1249,1
Bryan das Neves,38964353485819,0900-418-1821,1
Thales Rezende,341457502783756,+55 (051) 4498-5443,1
Ana Beatriz Campos,36407648924574,84 9916 5563,1
Sr. Davi Luiz Castro,4839986657348917669,41 1175 5195,1
Marcela Fogaça,4723414716489530,(084) 7064-4212,1
Julia Martins,4169676807133303909,71 4948-9017,1
Joana Moreira,30331546268759,61 0222-6469,1
João Gabriel Nogueira,30184509603409,+55 (061) 2414-5216,1
Sr. Pedro Cardoso,30542269886623,(061) 5803 9079,1
Benjamin Teixeira,180049039640882,(041) 2683 7437,1
Isabella Martins,5386764313613147,71 5668 5011,1
Júlia Sales,4256722806638039,(081) 1758 7616,1
Ryan da Conceição,180025804928660,(011) 4010-9389,1
Dr. Vitor da Rocha,2720339277981970,+55 (071) 8584-7068,1
Pietra Nogueira,30052705780554,61 7438-9796,1
Ana Lívia Rocha,4651209100228528,+55 (071) 2260 5832,1
Luna Pinto,675967861757,0900-497-4973,1
Sarah Mendes,6524309106764128,31 6934-8621,1
Ana Laura Rezende,060487262010,31 9663 5255,1
Luiz Fernando Freitas,4431821489062,(084) 6352 9731,1
Isabel da Luz,180057789317759,+55 61 4411 8472,1
Ryan Campos,2704343705118254,+55 (084) 8242 5072,1
Dr. Guilherme Barros,2300858379517828,+55 (051) 8065-4150,1
Lara da Rocha,341115872467067,+55 (061) 4152-2973,1
Calebe Lima,4243395562310485,61 2511 7218,1
Sr. Luiz Otávio Mendes,3567276943405162,61 3055 1171,1
Srta. Emilly Mendes,3526716670158062,61 8283-2385,1
Luiz Henrique Souza,4097740244468106431,0800 616 5656,1
Esther da Costa,213131433036791,+55 51 5836 6166,1
Pedro Gomes,4396241367250010,51 4148 8806,1
Júlia Teixeira,180087054050843,71 5701 7735,1
Valentina Correia,578585779452,+55 84 4675 2477,1
Isabella Freitas,213123072126736,+55 71 6788 2232,1
Felipe Duarte,5304772280303187,+55 (061) 0634 9175,1
Caio Moraes,213159164576263,0300-610-1562,1
Cecília Ribeiro,3569260646705670,(071) 7810 1459,1
Rafael Nascimento,3581827728557296,84 4157-2423,1
Laís da Rosa,6595383281079069,+55 61 7225-8664,1
Pedro Miguel Melo,4344001736220,+55 (011) 0639-1618,1
Ana Sophia Santos,180029619458483,(031) 1409-2670,1
Emilly Silveira,348904296089984,+55 (011) 5109-0546,1
Sra. Catarina Correia,503867236401,(011) 0675 9200,1
Antônio da Conceição,4489542733306735,31 0831-2724,1
Daniela Melo,4328176612680360477,+55 84 2979 7709,1
Eduarda Sales,4089234563847276080,(031) 7049-8831,1
Maria Vitória Barbosa,676182550324,(081) 3876-6519,1
Carolina Ribeiro,180090061843903,31 5338-8157,1
Sr. Vitor Gabriel Silva,36404253753158,+55 71 9387-5382,1
Luiz Henrique Porto,3584439314551290,0800-047-7316,1
Camila Nogueira,4752652562518120359,+55 (051) 0711-4635,1
Catarina Rezende,6552452932382312,+55 81 6085 1191,1
Alice Azevedo,4660369568966,+55 51 6530 7188,1
Dra. Julia da Cunha,4054836192170102,41 5464 1910,1
Ana Laura Mendes,3578377469698466,51 6794 3226,1
Thiago Pires,676359651186,+55 (031) 8405-2485,1
Laís Pinto,4540429752981666191,+55 (011) 2671 8565,1
Bianca Viana,503891147574,0800 462 3820,1
Davi Melo,213115529123555,+55 (084) 5976-6716,1
Rafaela Monteiro,4428284057866052158,(021) 8576 0735,1
Ian Dias,3555910698166587,+55 (071) 9591 6694,1
Kevin Cardoso,4940079330697169,(011) 8869 3012,1
Srta. Luna da Cunha,676229950511,51 8364 2843,1
Pietra Pereira,30015911960310,(021) 8236-2591,1
Augusto Pires,30298093781403,(071) 0210-3893,1
Dr. Pedro Miguel Costa,38601193088839,0300-276-5351,1
Dra. Bianca Teixeira,4486431748097062,+55 (021) 4602 6289,1
Dr. João Gabriel Duarte,4584735839002,+55 61 1855-5039,1
Emanuel Cardoso,502070902791,(051) 0996 1953,1
Lucca das Neves,3521603014305531,+55 (061) 5631 5462,1
André Porto,180011050912079,+55 51 8632 9375,1
Mariane Porto,4057206220940826,71 2796 7828,1
Lara Silva,374927313007371,84 9559-5815,1
Augusto Carvalho,4675101436853180,0300 393 9002,1
Lavínia Oliveira,4230257722820669,(041) 2244-5647,1
Levi da Luz,060412343265,+55 61 5428 6551,1
João Cardoso,6011310778661113,+55 (031) 2243 5106,1
Marcela Silva,213102949910852,71 1395 1195,1
Elisa da Mata,30491144391468,+55 (011) 6778-0454,1
Ana Vitória da Rosa,3501723294345488,+55 61 2852 3740,1
Dr. Paulo Nunes,6011866218880738,0500-151-8860,1
Nicolas Santos,180038096776952,41 4556-8443,1
Vitor da Cruz,3524947801539175,(041) 1424-6232,1
Leonardo Gonçalves,4759930626996,+55 (021) 4944 7836,1
Ryan Cardoso,213126805677669,+55 (021) 6704-3686,1
Diego Farias,6011790154528434,+55 61 8602-8290,1
Evelyn Cardoso,213116663527122,+55 (084) 4549-2208,1
Luiz Otávio Souza,4173201152474562,+55 (081) 5337-5199,1
Luiz Otávio Pires,347670535270237,(031) 7933 2324,1
Melissa Duarte,060459321901,0900 776 8369,1
Davi Luiz Cunha,4069779118261412753,+55 31 2007 9068,1
João Gabriel Porto,4969853650749859,+55 21 0244 0853,1
Dr. Murilo Fogaça,503892935035,(051) 0929-2263,1
Cauã da Rosa,3595776551801376,81 8003 7387,1
Dr. Luiz Miguel Rezende,2541607594816591,+55 21 6667 9241,1
Lucca Silveira,4179940711797,+55 84 8753-9884,1
Luiz Otávio Rezende,180020732070552,(061) 1621 6681,1
Davi Lucas Castro,4064179899904426,+55 (081) 2236-1904,1
Sra. Maria Julia Barros,372783386883079,71 7697 8383,1
Brenda Castro,213130882625245,+55 (071) 5624-3649,1
Valentina das Neves,4430587413912989,+55 11 3680 3270,1
Renan Farias,30379002294751,11 3091-5367,1
Leonardo Duarte,30548973023510,31 7081 8698,1
Sra. Mirella Correia,30535056658544,0300-088-6207,1
Ana Vitória das Neves,341836286956870,31 2591 9963,1
Sr. Leandro da Rocha,30321157822192,+55 31 6440 6206,1
Isis Melo,3520113048051235,(051) 7744-1947,1
Bárbara Cardoso,4281845021403,+55 (084) 8831 6672,1
Maria Sophia Costela,6521366104037991,+55 (051) 5116-7430,1
Diego Dias,213134025315631,(084) 0927 6414,1
Sophie Mendes,5468941918706002,+55 41 9740-9697,1
Bruno Ferreira,344582476193539,0300 898 1639,1
Ana Júlia Martins,4034891955766298022,0300-480-0505,1
Júlia Almeida,4215700798614,+55 (011) 2041-0242,1
Maria Castro,4197767989247,+55 (041) 8591 0346,1
Brenda Sales,3562935120180006,+55 81 8440 5333,1
Dra. Ana Costela,3567682258847460,(031) 7216 2343,1
Samuel Nascimento,343959940972634,+55 41 6760 5265,1
Isaac da Mata,4125259082582929,+55 (051) 6398 9514,1
Ana Pereira,4899835878241,(031) 4992 3298,1
Eduarda Dias,4177014694378,84 4793-7836,1
Nina Barbosa,4588768809662217989,+55 (021) 6133-6827,1
Isabelly Caldeira,3597754756967837,11 4511-0999,1
Luiz Otávio Novaes,4248440541633689700,+55 (081) 9251 9349,1
Luiza da Luz,4056828643950190251,(041) 4395-5666,1
Elisa Gonçalves,4981030535194776627,+55 (061) 2338 6055,1
Vitória Cardoso,3509503387628806,84 6165-2090,1
Ana Luiza da Mota,3541371217376917,0500-035-2663,1
Dr. Marcelo Nogueira,5137825908757656,+55 51 1514 6532,1
Kamilly Nunes,379625004327976,11 4766 9335,1
Srta. Rebeca Rezende,2493302110879475,+55 81 5245-5699,1
Isabella Ribeiro,373136588529769,0300 107 3310,1
Yasmin Gomes,3577994884853947,(084) 5429 9854,1
Raul Araújo,4012316697754293242,+55 84 9003-0362,1
Kamilly Ribeiro,6530512306137126,+55 (041) 0082-2008,1
Isabel Farias,3567923239416979,0500-762-7929,1
Yasmin Porto,3588104354474060,(084) 4854-0979,1
Dr. Marcos Vinicius Nunes,4125068824540,(084) 5788-1559,1
Pedro Henrique Oliveira,2706721141184220,71 9150 3362,1
Alexia da Conceição,3552790643763123,81 2202 1463,1
Kaique Costela,213119145380300,+55 (081) 6331 7416,1
Maria Alice Gomes,3520574007374886,(081) 2515 2205,1
Stephany da Rocha,639000427752,+55 (081) 2643-4011,1
Yago Novaes,348086122995178,+55 51 6482 1880,1
Isadora Costa,3512519570174395,51 4236 8264,1
Juan Almeida,4703442011281355,+55 71 0620 6569,1
Igor Barros,4505223653275476472,+55 84 9053 7902,1
Dr. Igor Nunes,180032417378887,(061) 5702-2520,1
Sra. Bianca Cunha,5453222175664607,+55 (084) 0259 5581,1
Ana Lívia Pires,4058262886624765,+55 41 7937-5085,1
Catarina Duarte,4056176254239554,51 8400 6218,1
Dra. Amanda Carvalho,4955197603999039,+55 21 5077 4960,1
Benjamin da Cunha,502029256000,+55 (084) 6827-2800,1
Caroline Dias,4759341742043188,+55 (031) 1390-0797,1
Sr. João Felipe Dias,374657474462541,+55 (041) 7004-2830,1
Luiz Felipe Mendes,4720534848015433,11 1942 9837,1
Maria da Cunha,4170347893358801683,+55 (081) 7126 1892,1
Paulo Costela,4891222914214352,(051) 0227-8734,1
Paulo Lopes,3547174254732297,81 5659-1891,1
Kevin Correia,340632521460864,(021) 0984 5153,1
Sr. Rodrigo Pereira,180035046418776,+55 (011) 0079 0017,1
Dr. Miguel Moura,2563001629675854,+55 (031) 0826-7977,1
Clara Rodrigues,3522938389748108,(011) 8946 0796,1
Srta. Ana Carolina Almeida,4259280414958916,(031) 5356-8231,1
Mariana das Neves,3588303724368792,+55 (031) 8664 0603,1
Dra. Ana Julia Dias,567291221123,+55 (041) 8072 7452,1
Julia da Rosa,346091477889119,(084) 0189 3291,1
Pietro Ramos,4421846838922,+55 (084) 4648 4416,1
Maria Alice Oliveira,3504000380365192,(084) 2425 3068,1
Lorena Rezende,3584801744167296,+55 41 3366-4800,1
Ana Julia Rodrigues,4803607192308578,+55 (041) 2478-7625,1
Bruna Campos,4658401874528448826,(021) 2658 7001,1
Ana Beatriz Azevedo,4126729469727551,0900 418 0439,1
Carlos Eduardo Vieira,180092690721385,(011) 9819 5083,1
Bruna Mendes,4299881241533160,+55 (071) 1147-2800,1
Pedro Miguel da Luz,4940974033885766,(031) 3229 8640,1
Ryan Azevedo,4568128118541633896,+55 (011) 3604 3149,1
Noah Ramos,3574161343902672,(061) 1904 9238,1
Luiz Felipe Barbosa,343351963980456,+55 (061) 9910 2975,1
Rodrigo Duarte,30517101482781,31 9222-1771,1
Maysa Freitas,3595445370421796,(031) 7803-8557,1
Júlia Oliveira,4872604906131384,+55 (011) 7244 1534,1
Larissa da Rocha,4012939147826769,+55 41 6213 3785,1
Ana Sophia Aragão,4266499118191,+55 (031) 1643 7154,1
Bryan Azevedo,30094708927915,+55 61 6454-0299,1
Srta. Laís Farias,180037205190766,+55 11 8741-3369,1
Vitor Nogueira,3543633167883145,0500-913-1879,1
Ana Clara Barbosa,180002780971162,+55 (051) 1165 9151,1
Sr. Luigi Moura,30036686961838,0300 095 9246,1
Ana Júlia Nogueira,2248342738817034,(011) 9596 1993,1
Sra. Yasmin da Paz,2280287158825109,21 2765-2564,1
João Miguel da Cunha,4342636294882729067,(081) 3105-6063,1
Camila da Conceição,30185029100669,(084) 0343-8928,1
João Pedro Ferreira,340355824940206,+55 (081) 8240-3586,1
Letícia Silva,4557443887323,(081) 9834 6057,1
Julia Viana,373027225003062,31 1790-5201,1
Bruno das Neves,4128194459940492324,+55 (071) 6534-8605,1
João Guilherme Azevedo,639042368014,(061) 1744-2321,1
Sra. Luana Costa,3557255181923948,+55 (061) 3300 5806,1
Marcos Vinicius Costela,3535921714605008,(051) 4461 7548,1
Joaquim Cardoso,3556603179646024,+55 71 1256 0104,1
Gabriel Pinto,4844899855149,(071) 7154 7633,1
Dra. Ana Laura Nogueira,3520789308829103,+55 21 1796 0387,1
Eloah Rezende,180017512366606,(061) 9954 0022,1
Sr. Thales Teixeira,30126345451865,21 2777 7597,1
Levi Vieira,4944291564842,(011) 0093 4362,1
Maria Vitória Ferreira,180043513182560,(051) 0391-1233,1
Juan Farias,6011856283929015,11 1212 8345,1
Luiz Otávio Jesus,6011240217864095,+55 (011) 5847 8014,1
Dr. Heitor Alves,3519848799041736,21 1170-1565,1
Clarice Melo,675941767187,0800-265-4169,1
Maria Cecília Moraes,36867849326574,+55 21 5443 1061,1
Sophia Moraes,4042733423839149,+55 11 0771-6104,1
Rebeca Freitas,569051183337,(051) 4462 8138,1
Sra. Beatriz Freitas,4823098174305087,(021) 4927-2246,1
Cecília Gomes,3504333192182350,+55 61 8579 9482,1
Thiago Fogaça,180036922059346,(041) 7671-2986,1
Benício da Costa,30538070497212,+55 (051) 5717-7217,1
Clara Pinto,30194292042640,11 3621 2769,1
Benjamin Fogaça,501872189185,(071) 6058-2805,1
Fernanda Araújo,630406435564,+55 31 0077 6166,1
João Miguel Campos,3564877614744590,(051) 0678 6781,1
Srta. Maria Alice Dias,30269629878773,+55 (041) 4436 9069,1
Isabelly Ramos,6011519649241687,21 0461 6810,1
Emanuella Carvalho,3596889769512187,0500-431-5558,1
Carlos Eduardo Moreira,4158846118851,+55 41 4336 0842,1
Luiz Fernando Sales,3543167238290527,+55 61 4230 8561,1
Ana Luiza Teixeira,373323560996063,+55 61 3835-9236,1
Dr. Theo Monteiro,4130199302283,0900-985-7909,1
Noah Gomes,3538741996540880,+55 81 4383 7390,1
Dr. Ian da Costa,3513007931154628,(011) 1636-8505,1
Evelyn Fogaça,180098538869682,(021) 2831 6545,1
Sophia Souza,30335094633835,41 9976-2266,1
André Cunha,4276984305658,31 0902-1734,1
Marcela Novaes,4513571542996301493,0900-575-3671,1
Enrico Moraes,348269269102408,(071) 9132-8418,1
Natália Campos,3527699040625870,81 3812-4370,1
Carolina Duarte,213137633993012,71 1007-3177,1
Noah Sales,3538158925452527,(011) 0085-4736,1
Diego Moraes,3501332442510447,0500-721-2115,1
Felipe Aragão,30483743352652,+55 (061) 3772 9652,1
Benjamin Peixoto,30530009508615,0300-052-5264,1
Danilo Alves,3504239198243874,(051) 3276-9282,1
Sabrina Ferreira,4059814373816806,(031) 7230 0531,1
Sr. Miguel Barbosa,4764518119694536,+55 (084) 8504-3676,1
