Coluna A,Coluna B,Coluna C
Srta. Emilly Moraes,38491578332477,+55 41 2708-3266
1181151034361014821011182710136910119427103269,377310411811527104127156331277,2031011201011041151181271042691271031011181017314812126927110115119
Lívia Araújo,30330547483516,+55 (021) 0270-2059
1101151011153691481011021182726919410626911811826927118101,377310411811527104127322331398,203115482649118101104115118
10119427482101,377310411811527104127686331398,371181481214822697312027119120101
Ana Rodrigues,370836938894788,81 3742 2211
Diego Martins,2535994801135546,+55 (051) 1309 9321
Luiz Henrique Campos,4567050999723440,+55 51 9138 1580
Nicole Fernandes,3588968378739611,31 7702-0975
10611811510411827148121269119,377310411811527104127319331686,21347326912711911510327101194
2711910110110310312173436101,377310411811527104127324331686331398,213115194104101104115118
Sophie da Rocha,4521525223182823,+55 (071) 5591-6845
Dr. Rodrigo Sales,5279540454817774,+55 (021) 2915-1589
Raul da Luz,30043357756000,84 3891 7034
1041013691031181214411012119427101,377310411811527104127686398,17530611810136911712126910427119120101
Cauã Nascimento,3553226183460696,+55 (011) 2756-0059
1111192719428626927118101,377310411811527104127321331398,54269104101120115118
10311511912010119411511826973101,377310411811527104127319331277331156,20427118269120115118127104269127649118115104121305473115
1021182697311510144269286269104115,377310411811527104127277331277331319,21226973436101104115118
1101211942710119427482101,377310411811527104127277331319331277,2132719427120101118127104101127372691181157330612112027103101
123101194286269119,377310411811527104127277331277331319,21911110112027119120101
Guilherme Santos,180096118333434,+55 (081) 2616 8730
26919427119101319277,377310411811527104127321331686,17511826910626927120115
Srta. Ana Vitória Vieira,4120647488024485888,84 3432-7848
Dr. Emanuel Costela,4839422589730505111,+55 (041) 9679 6657
1941212714827686398,377310411811527104127319331398,20311544277343626927118101
Bruno Rodrigues,3561111066962135,+55 21 1214 3466
Stella Mendes,343441480155532,+55 81 0487 4598
Lavínia Novaes,6011087958281702,71 8899-9325
10319410111827103269324156,377310411811527104127277331277331319,5426928626973104269104115118
Pietro da Paz,4247548095433127,+55 84 4888 4353
Alana Barros,630489001879,+55 (041) 0578 7548
Gustavo Pires,4726672681943016,+55 (041) 6074-3606
73101120101194271014821011181202773119,377310411811527104127322331398,175269118119115731011941271201181012773269118
castrosarah,Android 7.1,Artista/Técnico em espetáculos de diversões
luiz-otavio75,Android 2.3.1,Policial federal
unogueira,Android 3.2.6,Pneumologista
larissa94,Android 7.1.2,Médico
21911812010133112720528626919445373127104101127203115119120101,156324321322686325323323319156325686277686321156325686325,322686127322277398325369321325323319
2131011182710112737194271032691271752773120115,156321323686321321321277319277319398686,490398686686327127686323322323127325156398324
2121012863107327101127212115649269119,686324398398277324324398398319323325322686321,415321321127490398686686327127325398325156127398398323686
alexandre23,Android 3.2.3,Profissional de reciclagem
20410173271941151272222710173101,322321686321321321156686156321156321398321156686,415321321127324686127324156323321127323319321686
377310112721326973104269119,319321319277277398322277156322398324325686321325,490398686686327127325319324686127322398277325
lcastro,Android 2.3,Avalista
cecilia05,Android 3.2.3,Caixa
20548210173121269194194453127104101127213115120101,156324319322323398324686156277686319686156319322398156324,415321321127490398686686327127321321323156369321156398398
alvesluiz-gustavo,Android 3.2.3,Ferroviário
3712114812111912011512721911512144101,319398686324319319277325322398325323321277,490398322686327127156686321321369398324325277
mporto,Android 3.2.1,Pizzaiolo
2121212744127208269731182711712126912729612173269119,319323277686322321156325398686322398319325324,415321321127324686127321322319156369325319398398
das-nevessabrina,Android 4.0.4,Prensista
22043611548210111912710410112720311812144,319321277686323319324398686319325322323398325321,415321321127490398686686327127156322319319127323322319321
2251011194822773127213115121118101,322321322319324156686323686324323325325323323686,319686127156319398321369325323324321
202271017310310112717526911826927118101,319322322322323277324325321323277325277686,415321321127277686127398319325324127319324156277
portoana-julia,Android 10,Piloto automobilístico
Lívia da Rosa,2222619199902029,11 7448-6738
213271481212691941272192719428626927118101,319321323156322325398325156323322686325398398686,415321321127490398323686327127321277325686369277277319323
21310111827101127538121194271011272202692716526927118101,321398277398322321323323324686398323,490398323686327127324323686324369323398323321
dcunha,Android 4.0.3,Técnico em desporto
54269731017312754115103436101,277323277398398323324156398322686686277325156323,490398686686327127686156321686127686321686321
3719427103269127104101127203115119120101,686324398398686324323686322319324398321156277,490398321686327127398325323398127156322324156
paulo82,Android 3.2.4,Produtor de eventos
moraesana-beatriz,Android 2.1,Metalúrgico
ana-juliafreitas,Android 2.3.7,Salva-vidas
diogo54,Android 4.1.1,Diarista
5381211017312721927194286101,319321323324156686324325322323322319319323321686,321686127686277324323127325686324686
296271031151941011191273744269286269104115,686324398398319156686319324686324325322322324,398321398398369323319319369324277156322
377310112722227120352118271011272131011181202773119,319321319398321323686322321323322325323398277324,490398277686327127277398277323369686322322277
37112111912010128611512720826973118271171212691275841942728626927118101,686324398398398321319324398323156319325322156,415321321127490398324156327127321319686325127686156321322
Sr. Pedro Henrique da Mata,4962660324602803,(031) 5899 6716
vitor09,Android 4.2,Engenheiro de produção agroindustrial
Dr. Marcelo Santos,2221908756687367,(081) 5590 7517
220436101194269119127203101119120118115,156686321324324398322322686686398323322398323324,490398686686327127319323319324127321324277325
marcela40,Android 2.3.1,Engenheiro petroquímico
Enrico Rezende,3563795588056638,84 7180 0562
isisrocha,Android 4.2.2,Crítico
205734411512720610111827101119,319398686398398398277156686322325686319398,415321321127490398277686327127324323156398369321156277325
brunavieira,Android 3.2.2,Adestrador de animais
lucas-gabrielferreira,Android 1.0,Radiologista
21912026919419410112737111573305101194286269119,319398321325686686398325156325324686322156,490398321686327127323156398398127324324325319
2961011204361017312720611826927120101119,322321322322398323322319319398277323398322277319,415321321127277686127686324156398369325325277321
pedro-henrique20,Android 2.3.6,Treinador
moraesisabelly,Android 5.1,Comprador
148101118101148101115,377310411811527104127686686,20310164910112010144
caue40,Android 8.0.0,Engenheiro de produção agroindustrial
bcostela,Android 6.0,Pneumologista
20511912043626911812721927194286101,686324398398321156277325324323321156686319321,686686127324324277322127156322398324
1111202692716526927118101,377310411811527104127156331686331686,21226928610173120101104115118127104269127649269119115
limasofia,Android 4.4.1,Assistente social
ana-vitoriadias,Android 2.3.2,Gastroenterologista
101194271032697312173269119,377310411811527104127322331398,20427118269120115118127104269127649118115104121305473115
4821011181202773119104101286273691941212744,377310411811527104127321331398331686,20210111812026973104269118
205731182710311512720626911811826927118101,686324398398156325686322277686325325324398321,490398324686327127324321325319369323325277324
20411833112720573441151273711011021182726919412710410112721212144,319321324323324686319319686323686398322324319398,319686127277398277324369325323156319
225101119482277312720427101119,319156398156325277324324325321324322319324277,415321321127490398686686327127319321323319127321323686686
lais08,Android 4.1.2,Engenheiro de supply chain ou logística
2082691941153101191011275411510411827148121269119,277277323156323686686324398156325156319686323398,490398324686327127156321398322369398322277319
2131017312126919410112729612173269119,322398686686398324322277322156277323686322156323,415321321127490398324156327127323277277398127398325398321
lucaslima,Android 3.1,Síndico
beniciomoraes,Android 5.0.1,Profissional de relações internacionais
Mariana Nunes,180046120184093,+55 71 2189 3569
27119101102269194194453118101482115119,377310411811527104127322331398331686,5426928626973104269104115118
nogueiraryan,Android 2.2.2,Tecnólogo em automação industrial
Daniela Pereira,213112748284607,+55 31 3403-4636
jmoura,Android 7.0,Classificador contábil
lucas-gabriel29,Android 3.2.1,Promotor público/de justiça
lara51,Android 4.1.2,Ufólogo
Rafael Freitas,4927340957369431275,+55 (061) 7625 3656
Lucca Cavalcanti,38579824856883,+55 (041) 1860 6205
Dr. Bruno Ribeiro,4490896927645440,71 0536-1188
21326919427119119101127296115286101269119,319321319686156398156324323686322325324156156686,319686127686156398322369156686319686
1022710173103101325321,377310411811527104127277331277,3712012130611827115
20411810133112737731011272022691011201182744127213115121118101,319398277325398156323277319277156325325322,319686127325323325321127156325323156
21911564943627101127104101127213101120101,319321398322324319319319277325398156277323398322,415321321127686686127277319324325127319325324686
21310111827101127219115649436271011271041011272031157310326927305473115,156325686319322277324321321156686277319,156686127277323324322369398322156686
19412127443691481211191201012861151041013691031157310326927103101115,377310411811527104127156331398331277,2057314826973436269271181151271042691274821011202691182710127119
eduardo06,Android 2.2,Engenheiro agrimensor
martinsstephany,Android 4.2.1,Governanta
1042710111911012119427101,377310411811527104127319331277331321,21310111810310110411511812710426912719412144
374821017310410112721910173120115119,319321325319156686319686325324325323277322319277,490398323686327127398322277319369319322398323
ypires,Android 2.3,Lactarista hospitalar
204118331127203101194269102269127203101118104115119115,319321323686324686277319277686323325321398322321,490398277686327127398277277156369322325686277
21310111827101127104101119127296269286269119,319321324325325325324686686325319398156325686686,490398324686327127323324398321127398277156686
silveiravitoria,Android 4.1,Técnico em rede
212121274412720626911873101731041151275841942728626927118101,319321324325686321322319686322319686277325324321,490398324686327127322321686277369686398686322
lucas25,Android 4.2.2,Otorrinolaringologista
11510312173436101,377310411811527104127323331686331686,175118115106271191192711573101194127104269127118269194101305315269119127277312026911873101103271157310127119
hrezende,Android 4.0.4,Bancário
gabriellyda-mata,Android 6.0.1,Tradutor
nogueiragiovanna,Android 4.0.3,Construtor
qviana,Android 7.0,Jornalista
202306118102101118101127296115286101269119,319398319325398686321686323277323277156156,323686127156398322398369324324398323
220436115482101119127104101127213115120101,156323156686325398321277319324398321322,415321321127490398319686327127319325322686127323321398324
203101121473127104101127213115120101,156321398156686398686323323319319324323277686322156319277,490398324156327127321325319156127277319323686
250119101102269194194101127542710226927118115,156319324277322398156277319686156686319,415321321127321686127321319325321127156277398323
649482115118101269119,377310411811527104127322331398331686,538121274412711512112730611810227120118115127104269127106121120269102115194
vitor-hugo28,Android 4.1,Tecnólogo em rochas ornamentais
2501191011022691941944531272222726927118101,156277324686156324156324321398322325277322323323277156319,324686127321322321277127319686325325
eda-mota,Android 2.2.3,Contramestre em transporte marítimo
maria-vitoriamonteiro,Android 4.1.2,Educador
213101120436269121119127175115118120115,156324323319398325324322324325398321686325398277,321686127325321322686127156324686398
enzo65,Android 2.3.1,Astrofísico
carvalhoamanda,Android 3.2.3,Pesquisador
2123102862710112710410112754115103436101,319156321277325686321322323156323398156398321,490398321686327127324277398156369398156321277
Ana Sophia Dias,213155213358547,0300 359 1550
538115473115127371101102118272691941272131011181202773119,156323686323156321325319398686319398398277323686156323324,324156127277277321686369156398156321
saragao,Android 2.2.1,Orientador educacional
5426973101731273719448226927104101,319156324325277398277156319321319398686319322,490398321686327127323686323321127324398319686
Benjamin das Neves,4281864915754833,+55 81 1470 8821
fmelo,Android 4.2.2,Economista
da-conceicaolucas,Android 5.1.1,Engenheiro de segurança do trabalho
10310111810411511911511012119427101,377310411811527104127156331156331156,222272862692711827119120101
1191202696494361017345311910173120115119,377310411811527104127686398,371269352194115148115
204101732726919410112721910173120115119,156398398325321277324398686321325686325325277321319319323,490398156686327127156325324323369323322324686
laismonteiro,Android 4.4.3,Profissional de relações públicas
jcastro,Android 4.3,Físico
2222712011511812720812114811512717526911826927118101,322398686686277156398322686319277686323323398324,415321321127686686127156325398398369323321686322
371211481211191201151275841942728626927118101,319398156319319321321323398325277319319277,319686127322686277324369321325321686
pnogueira,Android 2.2.2,Cartógrafo
377310112737194286269119,277323277398322324323321277325322398323319277322,415321321127324156127156277324322127324156277398
5445310173127104101127213101120101,156324398321156319325156277323322319322322156319322324398,319686127323277322277127398321325325
samuelfernandes,Android 4.2.2,Tenista
21212110173101127203101118104115119115,277277321323325323324321325324323323324156686322,490398323686327127277277156156369325323323322
20411833112737731206407327115127104101119127296269286269119,156319321277322156277323156319156398322,277686127324322325324369277156319156
2191181201013311271291014822719419445312717526927165115120115,319324156319277325324277686323398323398323,415321321127490398319686327127156325686323127324322325277
2132719426973101127213115118101269119,319321325324686322323323321323686321324323325156,415321321127490398686686327127324156277277127686398324323
1061011182710111910119427103269,377310411811527104127319331277331322,37112110111810410112711512112764911519427103271011941271181151041152862730611827115
204101286271272121212744127104101127213101120101,686324398398323686325323323319325324398398398,156686127322277398321369398277319398
25011910110110312721227482101,319321323686322322686324319321398319321321156322,321686127323319277321127398324322156
Bernardo da Cunha,639029900375,0800 298 2404
Theo Oliveira,4462099494480392187,+55 (061) 4975 5157
Ana Clara Castro,30340785735758,+55 21 1943-0149
Dr. Pedro Moraes,376479006366357,81 8942-7265
119101118101436319319,377310411811527104127156331398331156,20573148269734362692711811512712031416512027194
gustavo-henrique83,Android 7.1.2,Contador
26910144269286269104115,377310411811527104127323331686331686,3711811712127120269120115
213101453119101127371115482269119,319321398323323398686398321398323322321322323686,490398277686327127323325322686127156323324321
123194115649269119,377310411811527104127686686,22010164926910326927118115
Benjamin Carvalho,6516732426193720,0300 003 8595
Dr. Marcos Vinicius da Conceição,502038583691,0900 069 5281
3711011021182726919412720626911811826927118101,686324398398277686277325686277323156319324323,415321321127323686127156277321277369156322321324
saraujo,Android 6.0,Guincheiro
Bruno Rocha,180075867781910,+55 31 9670 2508
2501191011041151181011273744269286269104115,156325156686156319686321323324324324398,398324398398127321325156127323325325686
Rodrigo Mendes,675981083115,+55 (041) 0292 5340
202271017310310112710410112717510144,156321319322321321277325322398323686322321156686,324156127325277322398127319156277277
André Cardoso,3508368229756897,0900 720 1978
106194115649269119,377310411811527104127322331398331686,21910119428610136928627104101119
jesusaugusto,Android 1.0,Engenheiro de alimentos
joao-guilherme15,Android 6.0.1,Tapeceiro
Gabriel Novaes,3524133334815842,+55 (084) 9513 6771
482101118271013691032691032719427101323322,377310411811527104127319331277331686,20343610164926927118115
10611927194286101,377310411811527104127322331398,2192691481211181017330510112764910111812027103121194101118
2082692712011511812710410112721212144,156323398325319325324686325319325686156,415321321127490398156686327127319322325156369321323323156
pietra38,Android 5.1,Intérprete e tradutor de língua de sinais
freitasvitor-gabriel,Android 4.3.1,Educador
Sarah Nogueira,3560099316354180,(061) 6043 4573
nmartins,Android 7.1.2,Eletricista de automóveis
5426973101731273719448226927104101,319321686325323277325322398324321277324323686325,415321321127490398686686327127686325319277369325321323277
2222712011511812720812114811512721227482101,686324398398324686319322325322325325323277321,415321321127324156127156325156323369323156322322
103101286101194103101731202728627732710327121119,377310411811527104127321331398331277,205119120115106101104115118
da-rochabruno,Android 3.2.5,Chapeiro
lais57,Android 9,Xilógrafo
202118121731011273719448226927104101,319321325319324321156277319319398156398324324323,323686127319323324319127156325156325
lcaldeira,Android 6.0.1,Orientador educacional
rochaarthur,Android 3.2.6,Cambista
Joana Caldeira,30231839949661,11 2119-7841
220436269115127212115649269119,319321319156323156321325322322319319156322277156,415321321127490398156686327127156324277323127323277398324
206269118731017310410112710410112754115103436101,156322323324156324686156324324321321398322156322,415321321127490398277686327127322325321325127325324319277
213101118271011272961011191032748226973120115,156323325156686319325319321321686686325398686398156156686,415321321127490398322686327127323277321325127319277325319
2132711826919419410112710410112717510144,156321398324322277325324323322398319322,490398324686327127322321156277127398686156321
204118101331127371942691652710112720311511811826927101,319323156322686398319277686277319322323322322,321686127156686398686127319686323277
371121271944362691184822691271752773120115,277686319686325156686325322277319323319323324,415321321127490398156686327127319322398323369319277686319
arthur33,Android 9,Tatuador
21226928627127213115118101269119,156319398156156324686321324325321325319686324277,490398321686327127686686325321127319398324323
118101121194325323,377310411811527104127277331319331319,3711811712127120269120115
Carolina Costa,6504685426784308,0300-835-1012
11910173120115119119101118101436,377310411811527104127277331277331319,3712691182697312026912710426912728626973104101119
48210111827101369101194271032692862710173101,377310411811527104127277331398,202101271941011182773101
213101118271017310112754115103436101,319323277322156686322277325156324321156323322,415321321127490398277686327127277686319156127319325398156
Vitor Hugo Teixeira,4168428246129,0500 618 8766
Mariana das Neves,4697338093892564,(081) 4088-1347
120436115482101119319325,377310411811527104127277331319331156,371191032697311911511827119120101
1941212744369115120101286271154821011181202773119,377310411811527104127325,371181181017311010110411511812748212111927103101194
aliciacardoso,Android 6.0,Corregedor de justiça
joaofogaca,Android 4.4.3,Físico nuclear
ocarvalho,Android 3.2,Engenheiro de ergonomia
monteirokamilly,Android 1.0,Agente de combate à endemias
1061031012861011941031017312027,377310411811527104127277331319331319,1751181151062711911927115731011941271042691274821011181112691202773148
asales,Android 2.2.1,Preparador de máquinas
482101271202691182694426973104269,377310411811527104127319331277,175118115106269119119115118
peixotofernando,Android 6.0,Cozinheira
da-rosaleandro,Android 8.0.0,Guia turistico
1031217343610119410127119,377310411811527104127156331398331686,2504821217311519411514827119120101
avieira,Android 2.3.7,Tecnólogo em geoprocessamento
Kevin Barros,4457386025236756,+55 31 0754-6671
2501191011022691941944531272961011191032748226973120115,156398321321325686321277322398156686323277156321325322398,490398319686327127323686277324369325277323324
Laís Azevedo,6011268363312015,(011) 4671-2867
117106115148101103101,377310411811527104127156331277,20210111812026973104269118
1107311514812126927118101,377310411811527104127156331398331319,3711912011811573101121120101
538121194271017310112737118101173110115,156325324323322324277277323319686323323325156398277156322,415321321127156686127398325325323369321321277156
bsantos,Android 2.3.2,Skatista
pedro-henrique46,Android 2.2,Cameraman
21911812010133112729610112030619427101127213115121118101,319321277322321398324324277324319321323323322321,415321321127490398319686327127323319323156127686321325321
da-costalevi,Android 10,Engenheiro de ergonomia
Ana Luiza Duarte,4386762474777728688,81 6937 3906
2041012862712721212110310111912717527118269119,321398319324398324277324325325325324,415321321127324686127322277156321127321686323686
269482101731212691941941017312173269119,377310411811527104127277331319331156,541011042710119427119120101127649118115148118101482101104115118
Luiz Fernando da Rosa,2327092036640075,0800 797 2586
213101118271011272191156494362710112737111573305101194286269119,319321324325398156325277398321325277324324156325,490398319686327127277277398156369322686686156
203101482271941011273719448226927104101,156324324156686325277324324319322319156325319319323321324,156686127277321319686369325277398156
2222710326973120269127104101127213115120101,277277156686325322324319322325323325398156323321,415321321127319686127323323156322369156277277324
73115286101269119482101453119101,377310411811527104127277331319331322,5426914826973120269
2122692862712737118101148473115,277277277321324319277156319325323398398398321322,415321321127322686127324319319325127156319322398
212121103101119127371101102118272691941272131011181202773119,319321686319325277319319325323322322398323321686,323686127686277398324127325324277319
165118101482115119,377310411811527104127277331398,2032711812111814827473115127102121103101194
20319410111827103269127203115119120269194101,156398323324156319319323319323398319277319686398,490398322686327127686398322321127686322324321
2131011182710173269127202101118102115119101,319321324398277324321322321398321322277398323322,415321321127490398686686327127686324323156369686322398686
rafaelamoraes,Android 4.3,Radiooperador de vôo
2697344115277325,377310411811527104127321331398,20310164927120473115
21310111810326919411512737118101173110115,322398686686686686686686319324324325398156156322,490398277686327127277156323321369324319686398
12111910173120115119,377310411811527104127321331398331277,17511826911927104269731202691271041011275426964917310219427103101
Sr. Davi Dias,376646347501237,61 2941-9806
165103101119120118115,377310411811527104127319331277331277,20310148226911810148210173
269482101731212691941041013691031157310326927103101115,377310411811527104127156331277331686,2023522710136910611827101
da-rochapietro,Android 4.0.2,Ambulante
2204362691151272222710173101,319321686319323277325323321321323277277323686321,324686127324325686319369321156324322
iansales,Android 4.2,Patinador
Raquel Aragão,503888014670,+55 (084) 0652-4239
1292692862773127104101127213115120101,322323322319322686319686324321686325,415321321127277686127319321325321127324324156324
ferreirapedro-lucas,Android 2.2,Estatístico
649269118269271181011017310136911012119427101,377310411811527104127319331277331322,21317311927103115
2191011181014361272031012861011941031017312027,322321398319325323319686323319398686686156319321,324686127686322398322127325398322277
19412110173101319398,377310411811527104127319331398,37148269731202691271042691271042691062691191011271191017327120306118271011271017327482101194
raul85,Android 1.0,Profissional de hotelaria
joao-vitordas-neves,Android 4.4,Pintor
Laura Peixoto,348365875999722,+55 (084) 7147 4282
breno60,Android 7.1.2,Judoca
2131011182710112710410112717510144,156321156398319398322325277322321322324324322322,277686127319325398686127321686324319
Igor Rezende,2243057621531659,11 0546 6754
Dra. Joana Novaes,3516420387616072,0800-665-7620
204101732726919410112710410112717510144,321322323325398321324277325398321321,415321321127324686127322398321325127321398321277
Erick Lima,180050409391957,61 0930 9003
37112127194436269118482269127203115119120269194101,277277324277319324277324319322319398321398323321,415321321127490398324156327127325277319325127322156325156
175101121194115127203101118104115119115,686324398398321321398321321686156277324323323,490398322686327127319156324325127277323322325
48211511810126911910211812173115,377310411811527104127156331277331277,2021151202710330611827115
souzacaio,Android 7.1.1,Coach
Stella Jesus,3540959868575729,41 3629-4650
olivia16,Android 1.0,Encanador
7311528610126911911011510173101,377310411811527104127156331398331686,2201151652710311519411514827119120101
Dr. Kaique Silva,4948551420242462,(084) 1344-9116
gcavalcanti,Android 4.0.4,Ortopedista
2711910110226919419410110410111936973269286269119,377310411811527104127156331156331319,21210110211511810112011511827119120101
28627732710327121119321323,377310411811527104127156331277,2201011652710426911848227119120101657205482102101194119101482101104115118
118115104118271481212691194821011182710173269,377310411811527104127156331277,37731482711519411514827119120101
fvieira,Android 2.2.2,Programador
Kevin Rocha,3514588084048773,+55 (071) 9756-4498
Guilherme Pinto,30307300420877,71 4222-4018
2711927119325319,377310411811527104127323331686331277,2133081042710311512719426914827119120101
vieirarebeca,Android 5.0,Preparador de máquinas
Luna Pinto,373679745714618,(061) 2962 2882
Srta. Valentina Peixoto,561813699916,(084) 8577 2605
Maria Alice Moreira,213124382994334,(084) 6926 9156
2031011181151942773269127213269194115,156398398686156277324324319324321321321324156325398277322,415321321127490398156686327127322324686321369321686321323
Thiago Azevedo,4342783662751817,(081) 0701 9424
Dra. Lara da Paz,3556369230896855,+55 (031) 7239 3595
luiz-gustavo72,Android 5.0.2,Caixa
14810110211827269194101194115649269119,377310411811527104127319331277331277,5381151187310119426927118115
Sofia Santos,30588582731475,+55 (084) 1168 0301
54101106101269194101127542694426973104269,319398277398321324398322322325323325325398,490398686686327127321686398319127321325324322
10626911873101731041152862710173101,377310411811527104127156331398,58448210212110411948210173
1942692862710611826927120101119,377310411811527104127156331156331686,202101102306
joao-miguelcastro,Android 4.2.1,Radialista programador
caua25,Android 4.0,Intérprete e tradutor de língua de sinais
73649115118120115,377310411811527104127156331156331319,37119119271191202697312026912711911510327101194
Juliana Carvalho,3584664099185432,0900 587 2275
20548210173121269194194453127203101118286101194436115,319323325322156277398324398322321686319323323,490398324686327127324319277398127324325398323
Manuela Mendes,36409468868790,+55 84 2602 0666
2191181201013311272082691942697310112737118101148473115,156686321325277323325325277324686686321686322277,398321398398369398156156369325319319277
37110110211827269194101127104101127213115120101,322321277324325325323277324686277324686319325686,415321321127490398322686327127321686686156369321156323324
123103101118104115119115,377310411811527104127686686,20310164910112010144
219118101331127538121194271017310112737118101173110115,322398686686325323321323156323398156398322321156,490398324686327127398321686277369325686277324
Yago Duarte,180061204035285,+55 (061) 8186-8518
alexandrepinto,Android 2.0.1,Clarinetista
carvalhojoao-pedro,Android 4.1.2,Auxiliar de reprografia
115194272862692711810114812127194436269118482269,377310411811527104127324331686331398,2202691037335219411514811512726948212764911811510412130547311512748211528626919426927118101
Pedro Lucas Barros,3530819039561135,+55 (081) 0062-6789
203101120101118277310112737118101173110115,277277325686324398324319323319322323277325319398,415321321127490398324686327127277156156325127156398321325
22043610119426911912737194286269119,277277277321322156323319398686323321323323398323,490398322686327127322319319323127398398324323
kaiquecardoso,Android 3.2,Senador
20548227194194453127219101194269119,156398324322322319277319277324319398686322319156,415321321127321686127321156323277127321322324325
2041183311272041012862712721212110310111912721911512144101,156277323277325323156156325319325324322322156398686323321,490398323686327127319325322325369277277321398
53811547311512721327148121269194127203101482649115119,686324398398319319319324322156398324322324325,490398321686327127156321321324127324324319325
augustoalmeida,Android 3.2.2,Homeopata
1112692862773482269194115,377310411811527104127277331319331323,20573148269734362692711811512726919430812011827103115
28627732710327121119322324,377310411811527104127156331398331686,2232773104119121118106269118
165104101369482101120101,377310411811527104127277331319331321,20511964926910327101194271191201011272694821271011481181157326914835210327115119
fernanda75,Android 4.1.1,Consultor
538173194271011271041011272031157310326927305473115,319321156156324686277277319321325321156686325398,415321321127324686127319325321277127322398319324
João Felipe Ribeiro,345537706177636,+55 (061) 6226 1417
10111810114810111511011510111536914810110211827269194,377310411811527104127156331398331686,2203081037327103115127269482127436101118104123101118269
119101102118277310110410136910311812144,377310411811527104127277331319331322,2057314826973436269271181151271032728627194
Luigi Souza,4310491673940288730,+55 (021) 1552-6490
371481011204361011275841942728626927118101,156322322319686323321319324321324156686686398686,415321321127321686127277323324277127321325319398
73194115649269119,377310411811527104127156331156331319,21310111911910114827119120101
2057344115127104101119127296269286269119,156686322156277325324321324323398156321323319323,490398156686327127319321325156127277319323323
20410128627127212121103103101127203101118104115119115,277277319321398323321322323686324324321319325321,490398324686327127319322324321369323319322398
juan34,Android 4.3,Cinegrafista
3773101127222271203521182710112720610111827101119,319156319324322686686325398324321277277322398,324156127156324324398369325277324322
43610119448226927104101,377310411811527104127277331319331686,220308103732710311512726948212710411510312148226973120101305473115
7310312173436101,377310411811527104127156331277331686,203115118269352148118101106115
theocunha,Android 5.0,Profissional de recursos humanos
pietro27,Android 2.2.2,Engenheiro de minas
Cecília Campos,3564850516558459,0500 899 7305
286271201151183691481011021182726919448226973104269119,377310411811527104127156331686331277,220115649352148118101106115
1191156494362710110410136910312173436101,377310411811527104127277331686,5841201151181182773115194101118277314811519411514827119120101
269104121101118104101323277,377310411811527104127686331686,17511811510627119119271157310119412710426912730612110427115
2191011021182773101127104101127203115119120101,321324277319319686277686324686321319,321686127319319156319127156323324322
luiz-miguelnovaes,Android 4.2.1,Saxofonista
203101121314127212115649269119,321324322324686324398323323321324322,415321321127490398323686327127686323319277369156325324324
Renan Correia,501855184492,+55 (051) 2782 5596
Gabriela Souza,374899967601363,+55 (011) 2907 5920
213101118103115119127222277327103271211191273744269286269104115,156398325156324321686319324319322323322324156319,490398324156327127323686323321127324686324319
1022710173103101102101118102115119101,377310411811527104127156331686331277,213271942712010111812710411512720516530811810327120115
Dr. Juan Lima,4073201612749109,+55 31 1958-0853
Maysa Rocha,379813893361120,0900 143 6247
fariasyuri,Android 4.0.1,Ventríloquo
alicenogueira,Android 2.0.1,Filósofo
213101118271011272131157312026927118115,156323398277322686325322277277324322398,415321321127490398324686327127324321325324127323277322686
Júlia da Cunha,4911252552779958,+55 81 2712-1152
Larissa da Costa,343745359576416,21 7025 1087
377312043611573453127104101127203115119120101,156319398686325156324322324323156321277,490398322686327127319319321324127324398324686
heloisanovaes,Android 7.1.2,Assistente social
Vinicius Porto,571841546195,+55 31 5731 0061
212121274412737112111912010128611512737194286269119,156321323323686322325319156686321319321686322321156323156,398324398398127277156277127156686324277
Leandro Ramos,4164574148326,21 3759 2384
vramos,Android 1.5,Artista de circo
4362691942697310110310119410426927118101,377310411811527104127322331398,2057314826973436269271181151271012691181157330612112027103115
sofia56,Android 2.0,Apicultor
21210111827119119101127104101119127296269286269119,686324398398319686323319686398322324321319325,277686127277321319156127324322686321
gabrielly30,Android 3.0,Técnico de gesso
1062691187310173104115686686,377310411811527104127321331398331277,250732862691191202714810110411511812710426912717511519431010327101
48211512111810110410128627,377310411811527104127686398,21212112043627269118
Otávio Nunes,38910195084245,+55 (031) 2745 9899
2131011182710112753812119427101127104101127213101120101,156277319321277323322321325322323398322325321323,415321321127324686127398325321321369324324398322
10664926927165115120115,377310411811527104127322331398,3710448227732711912011810110411511812764917310219427103115
104272691481154821157312026927118115,377310411811527104127324331686331398,2042711826912011511812710426912710611512011514811810110627101
Maysa Silva,3529543481962673,84 5904 5712
1017312043611573453686321,377310411811527104127319331277331156,37126911912011511812710426912711826910312111811911511912743612148210173115119
Luiz Otávio Almeida,5544849977233289,(071) 1398 6103
Cauê da Costa,6011622331831896,21 4658 1743
maria-julia72,Android 2.3.4,Engenheiro sanitarista
cardosobryan,Android 4.4.4,Regente
alexiacunha,Android 2.3,Cenotécnico
21327118269194194101127104101127203115119120101,277277321322686323686686322321686321156323319325,415321321127324686127322398322325369323325325686
2121212744127584120306286271151273719448226927104101,319321319686325156277321322325156686321398319277,398319398398127319323156127322156324277
53811510173101127371115482269119,319321322277277322323325319321321319686319325686,415321321127319686127322277156319127322322321325
20410128627127212121274412710410112721212144,322321156321319323686686398319686324319319322324,415321321127490398323686327127398324322323127277323323398
andre36,Android 4.4.4,Cancerologista ou Oncologista
Yuri da Mota,6511163037192064,(011) 3565 9929
20411833112720548210173121269194127213115118101269119,319321156321321686321321319277325321322156398325,323686127324325319156369323323323321
2041017327269194127203101118104115119115,322321324321319156686323325398323319398319322324,398319398398369319324325369277686321325
Paulo Peixoto,4160470029483968572,51 4847 5011
1941212744369148121119120101286115156686,377310411811527104127156331277331277,213115120115106118269120269
212121103101119127371101102118272691941272131011181202773119,156277323322277322323686686398323319156,415321321127324156127398277322319127322324686686
Dr. Enzo Melo,373076786849397,0300-669-8353
2041012862712721212110310310112729611514812126927118101,277686319686322686156323156323277324156686398,490398321686327127323319398324127686686686398
bda-mota,Android 4.1.2,Violonista
11811510411827148115322321,377310411811527104127277331398,2057314826973436269271181151271042691274822773101119
fernandada-costa,Android 10,Surfista
19412127443694362697311827117121269156323,377310411811527104127156331277331686,20610111848210110331412112027103115
542697310173127104101127203115119120101,319321319321323323319156156321277323324686686277,319686127686319686323369322323277686
12148211511826927118101,377310411811527104127277331686,2122748264910110411511812710426912728627104118115119
cavalcantijulia,Android 2.3.6,Editor de mesa de corte
carolina68,Android 2.3.1,Administrador
Davi Lucca Sales,30271486673123,(011) 0344 4333
53811547311512737110110211827269194127104101127213115120101,319321325325324322323686277323325321325319686319,490398324156327127321321686321369277277325277
106731011191032748226973120115,377310411811527104127319331277,20311511912012111826927118101
diego96,Android 4.0.4,Acupunturista
111101271171212692862726927118101,377310411811527104127156331319331686,2202691037335219411514811512726948212764911811510412130547311512710426912710226910227104101119
542697310173127371115482269119,156322321277324321319319686686277156322398156322319321322,415321321127686686127324324325156127323398324156
2051942711910112721311511826927118101,156321156319277156319323686323324277325,490398323686327127156322321321127319322323398
250119101101103127104101127213115120101,319323319321686325321325321324321322325321156,490398156686327127398321156325127686277324324
Sr. Pedro Henrique Castro,30182221783103,+55 (051) 3396 1060
rcarvalho,Android 8.1.0,Windsurfer
5381154731151271752691041181151275841942728626927118101,319398156323398686686686686324277156324398,490398686686327127277277323398369321325686325
10173101103101118286101194436115,377310411811527104127319331398,20573148269734362692711811512710310111812011514811830610627103115
kamilly99,Android 2.2.1,Profissional de logística
48210111827101369103194101118101319322,377310411811527104127319331686,3712012130611827115
213121118271941151272961011191032748226973120115,277321686325686323398325398324277324325322319686,324156127319325319324369686321156156
smelo,Android 3.2,Ajudante de produção
2191156494362726912737118101148473115,319321324324398325156324686323686323686325398398,415321321127490398277686327127156156321324369321323156277
5410111712126919412720626911811826927118101,686324398398319321156323156156319322321686156,415321321127490398156686327127277277156322369322398277323
Sra. Rafaela Campos,4483310996243342,+55 (081) 9860-1980
tcastro,Android 7.0,Produtor editorial
Dr. Fernando Fernandes,4239488084252,(041) 6450-2582
Ana Carolina Melo,4180395750093641,(071) 4789-3896
luiz-gustavo37,Android 2.0,Transcritor
Rafaela Rezende,6011839953626681,+55 61 9860-0937
rsales,Android 7.1.2,Investigador particular
20310119426910226912721311511826927118101,156325322686319321319398324277686323323156277686,321686127324321319322127156156398323
212121274412720626911873101731041151272222726927118101,319321324319156156398323686686324322323322323324,415321321127323686127322277277325369322323156156
Vitor da Mata,4690998313419592,0800-043-6474
194102101118118115119,377310411811527104127686398,205731482697343626927118115127277310412111912011827101194
kevin06,Android 2.0,Engenheiro de aquicultura
Srta. Ana Júlia Novaes,577262709063,+55 51 9728 9998
27148115118323686,377310411811527104127324331686331398,202101102306
54269731017312737118101173110115,319156686277277324323323156323277321322324324,323686127686322398322127323398156156
Luiz Henrique Caldeira,3506429582228957,11 8072 6041
emilly09,Android 1.6,Investigador de Polícia
10173101369194101121118101277686,377310411811527104127156331686,204121102194314
diogo31,Android 2.2,Cardiologista
482194115649269119,377310411811527104127686331321,5426919410130531526911912764917310219427103101119
snovaes,Android 5.0.1,Engenheiro acústico
Luiz Felipe Fogaça,2710782052731437,0500 813 0856
11010611826927120101119,377310411811527104127319331277331686,58411827269731201011041151181272691041211031011032711573101194
yasmin57,Android 4.1.2,Mágico
102269731101014822773277686,377310411811527104127323331686331277,21312111927103115120269118101649269121120101
thiago59,Android 3.2.4,Controller
caue29,Android 4.0,Digitador
Heloísa Moura,3552854041149309,0500-452-1698
7310610111827101119,377310411811527104127277331398331686,220115649352148118101106115
21310112043626912111912717527118269119,156277277277156398156323156686319156322,398319398398369322319277369398277319156
2692862691944537310311511811826927101,377310411811527104127156331686331686,20310164910112010144
1021182697311548211511826927118101,377310411811527104127156331156331686,296101104101104115118
da-cunhajuliana,Android 8.1.0,Bancário
benjamincardoso,Android 4.4.4,Cancerologista ou Oncologista
204118331127212121274412737112111912010128611512721910173120115119,277686319686686277277325156324686321686156319,319686127686325322277369323319156319
Calebe Ribeiro,6523213911616427,+55 11 4038-8995
João Felipe Pinto,2275132065031465,41 1315 6775
101148101120436101323323,377310411811527104127277331398,2057314826973436269271181151271014821022726973120101194
gomesjoao-vitor,Android 4.0,Teólogo
Ana Clara da Rosa,4907863556323902,31 4153 9710
20548210173121269194194101127219101194269119,156325325324323325321321686686323325156277319319,277686127321324277321369324398321398
Srta. Isabel Costa,2609421072859753,+55 71 8956 1044
Maria Cecília Barbosa,6011481720208145,+55 71 5693 6429
1031151181182692710110119426916510173104118269,377310411811527104127323331686331277,202271021942711512026910330611827115
Vitor Hugo Rezende,3526704915893289,+55 (021) 8729-2342
Dr. Kaique Rocha,2701345740921496,+55 31 4428 0870
wnascimento,Android 4.4.3,Taxista
22227103269731202691272222726927118101,156156156324323323277325325156319322398686319321,415321321127490398319686327127156324321323127398686324277
arthur76,Android 4.4.2,Otorrinolaringologista
1104821157312026927118115,377310411811527104127324331398331398,2042691042691202744101104115118
Laura Costela,3558406776831199,81 3392-0713
213101118103269194101127203101119120118115,319321322322322322324277323319686686322156323325,415321321127324156127277323398322127321319686322
portovitor-gabriel,Android 2.3.1,Tapeceiro
Luiz Henrique Silveira,4271743226733,+55 (021) 9474-5847
Rafaela Barros,4079487202133226,+55 (051) 3632-8164
286482115121118101,377310411811527104127321331398,5841201151181182773115194101118277314811519411514827119120101
Francisco Teixeira,347829714718289,(011) 6906 1481
20548227194194453127104101127203115119120101,156156321686398156321156323325321322277325323324,490398323686327127156277319686369324398398324
Dr. Leandro Costa,30205983047332,+55 51 0836 3672
liviada-rocha,Android 5.1,Pastilheiro
smartins,Android 2.3.5,Biotecnólogo
oliveirajoaquim,Android 8.0.0,Office-boy
cardosomiguel,Android 8.0.0,Boxeador
igoncalves,Android 4.4.4,Lutador de karatê
12148211511826927118101,377310411811527104127323331686331277,220274821157326927118115
ramossophie,Android 7.1.2,Recepcionista
6492711826911964926910411811536948227148121269194,377310411811527104127322331398331686,2062691181181014822697312026927118115
6492773120115482101118271013691941212744101,377310411811527104127277331319331319,2061217310427104115118
Giovanna Nascimento,180010674083143,+55 (021) 8345 1428
10310111810411511911511011510111712127482,377310411811527104127319331277331321,20573148269734362692711811512748226912010119417311814827103115
204118101331127213269194271191191011275411510411827148121269119,319323319321325323323322319319325322321322321,415321321127490398322686327127686325398322369323321398319
649101121194115156325,377310411811527104127156331156331277,2203081037327103115127104269127148269119119115
Arthur Pires,3552738029944023,(071) 9868 2945
1111202692716526927118101,377310411811527104127321331398331277,3712691191201151181271014821022726973120101194
115103101482649115119,377310411811527104127319331277,20548210210127165101104115118
da-luzfrancisco,Android 4.0,Cadista
21911564943627269127542710226927118115,398322398156156323686324323686686323,415321321127322686127325686325686369324322686322
104101369103115731032692710310111527119101102269194194453,377310411811527104127324331398331398,21312111927103115120269118101649269121120101
rodrigoramos,Android 3.2.1,Serventuário
ana22,Android 5.1.1,Engenheiro de manufatura
Marcos Vinicius Ferreira,6579541173998833,+55 84 8784-4704
Catarina Alves,4799990587931364179,41 0442-5177
Igor Almeida,376209913354794,+55 61 4930-7710
Enzo Gabriel Moraes,6011298282353535,0900-403-3939
Pedro Ribeiro,5491144428790159,(041) 9227 6012
220436269115127104101127213101120101,319322325323325323398325324398323322319319,415321321127324156127398325686322369686156325277
7310112010119427101686322,377310411811527104127277331398,203194101118277326912027119120101
Dr. João Vitor Costela,30020057464267,84 4915-8648
stephany36,Android 4.1,Brigadeiro
11811510343610119426928627,377310411811527104127156331156331156,371181202711912010112710426912710327118103115
20411810133112721327118269194194101127213269194115,319322322321325323156319321277398686319319,490398324156327127319323324319369323319325398
Ana Julia Almeida,3598049445404105,0800-830-2316
453104101369103115119120101,377310411811527104127686331322,175269104101148115148115
148271152861017373101102101118118115119,377310411811527104127277331277331686,296101120121118352194115148115
219115649436271011271041011272031157310326927305473115,277686319686156321398322398319398323324325321,490398156686327127277319156325369321398277398
17526910411811512710410112720311812144,277323686324322323323686686156277686398322323686,415321321127490398321686327127686325277321369323322156322
2121212744127206269118731017310411512737118101148473115,156319398324277277325324324321277325156324319686,415321321127686686127324398398324127277156321325
219120269649436101734531272192719428626927118101,319321686321686322686321156686686686319686322321,398325398398369321277324369323321324324
Dra. Heloísa Viana,342533898086118,+55 51 6138 6413
goncalvesmariana,Android 5.1,Arqueólogo
106269118118269271181011031011181151942773269,377310411811527104127686331321,20411514812126927118115
Arthur Nogueira,4125472617052560514,11 1005-0473
3773101127212101121118101127104101127213115120101,319321398686398321325322324277398156322277398398,398324398398369319686277369277322398323
Sarah Lopes,3569469623739160,(061) 4057 8395
111269286277319427482101,377310411811527104127322331398,222271482710112764910111819410148226973120101118
nogueirafrancisco,Android 2.3,Modelista
Letícia Fernandes,3536348580548584,+55 (084) 3314-7067
anthonyda-cruz,Android 3.2.4,Leão de chácara
ribeirocaroline,Android 4.2.1,Capelão
Noah Nogueira,213112634967869,(041) 3133 5946
cauesilva,Android 3.2,Cenógrafo
henriquejesus,Android 7.1,Oculista
10412110111812026911845310173,377310411811527104127321331398331686,20210110245311927120120269118
Sra. Joana da Costa,4177513229249621712,+55 (084) 0318 5975
scastro,Android 3.2.5,Professor
1062691187310173104115104101369482115120101,377310411811527104127156331686331686,2222711912011511827101104115118127104269127119277327119120118115119
1061182692712010111948210111827101369269104121101118104101,377310411811527104127686331322,2201151652710311519411514827119120101
2122691157310111810411512710410112754115103436101,319322324324321686322319686686686156321321,490398321686327127398325686319369156325156319
37110110211827269194101127213269194115,319323325324156323322325321686398156398398323,415321321127490398686686327127321277325321127321398321323
10410128627369194121103101119482269194115,377310411811527104127277331319331156,220115649352148118101106115
5426910226910310112717526911826927118101,156686398325319324323398323323325325319686321321,321686127156319277322127324325686324
219101102118277310112721227482101,319323324156321321686156398686325156322686156,490398277686327127325324322323369277322156686
5410110610126919412721227482101,322323322686686324321322324277323321,490398323686327127321686321325369686323324319
21310111827101127202101118118115119,319398398319324398686324321322324321319325,686686127322319321398127321321398319
Ana Julia Dias,30373405967725,0800-359-7023
Henrique Sales,6558102333854864,(021) 3680-9969
11110410136919412144,377310411811527104127156331686,21310111810310110411511812710426912719412144
649103101118104115119115,377310411811527104127277331277331686,3711912011811510631011927103115
1031151191202691941011031011201011182773101,377310411811527104127323331686,37120194269120101127104269127731011041151271192773103118115732744101104115
2131017312126919410112721227482101,319323324323319322277324323277686156322686322,156686127277319323322127156322156323
10111810112111011527119101104115118101,377310411811527104127325,21311510426919427119120101
Luiz Fernando Moraes,2256777773441241,(071) 9823 6004
21911812010133112737127115286101737310112710410112754115119101,319156322277156321277325324323398325323323325,322686127277322319322369323325319325
2041017327269194127104101127203115119120101,321398277398277323686319319322321322,398319398398369319319156369277319325277
pcardoso,Android 4.2.2,Afiador de ferramentas
Thales Gonçalves,3599856355914256,+55 11 1923-7514
Clarice da Paz,6011750048321032,0500-594-3181
119120269194194101322321,377310411811527104127156331398331156,371101118305115482
2021181217310112729612173269119,319398686156156322323323325321324319323319,415321321127324686127398325398321127398686322686
Ana Fogaça,6527697831843952,+55 61 3353-4749
Brenda Martins,4421363692744,41 8104-8279
286271032697312026911811510411827148121269119,377310411811527104127156331156331156,2061151187326927118115
kcaldeira,Android 6.0.1,Ortesista
2204362710114811512720310119410426927118101,319398398156323321277686686277323319322398,490398322686327127325277686322127319686156321
21310111827101127205104121101118104101127104101119127296269286269119,156398686323686325277398323324323398323,398319398398127277277321127319277322325
Maria Fernanda Aragão,30515275787753,(011) 7955 1090
Ana Luiza Santos,4481827566002453,+55 (031) 5037-4616
Sra. Ana Lívia Cardoso,502047639609,+55 81 6000 2126
213271942697310112721927194286101,277323277398323325325686321686156325686277319277,323686127325324321156127322325277321
fnunes,Android 4.0.2,Remador
isales,Android 2.3.4,Técnico em radiologia
Rafaela Caldeira,378676550752100,+55 (031) 1001-0082
Leonardo Barros,3569173906773744,84 2595-2347
102101118118115119101148101120436101,377310411811527104127319331686,542691202710627103101104115118
Murilo Teixeira,213152521071615,21 1777 9239
Carolina Monteiro,6521234574048395,(031) 5339 5527
3719410173101127538269119121119,322321156277398398323323686319277321319323277325,415321321127686686127324277322319369322322319686
212121103103101127104101127203115119120101,322321156325325324321325686319156323322323156398,415321321127490398277686327127321319277323369322324277398
27104101369103115119120101,377310411811527104127319331398,17511927103115649269104101148115148115
110104121101118120269,377310411811527104127156331686331277,213269118148121194436101104115118
21326919427119119101127538269119121119,319321322325322322322319277321325398398156319156,490398321686327127322686325686369319319324322
2867312173269119,377310411811527104127277331319331322,203101102115
371942691651017310411826912721227482101,156322686319323322324322324322277398156156325325,490398686686327127323322398277369277319324686
10410136964910144101731013692862712011511827101,377310411811527104127156331277331277,37110111827
mirellada-cruz,Android 4.3,Microfonista
Benjamin Peixoto,3535642374919642,0900-815-0169
benicio14,Android 4.0.1,Musicoterapeuta
19410127119322323,377310411811527104127156331277331277,5381151481011041151181271042691271203147327119127104269127482269119101
101731201157327115324323,377310411811527104127321331686331686,17510112011519411514827119120101127115118101194
101194482269271041014822719426973101,377310411811527104127156331398331156,21310127120118269
Lorenzo Cavalcanti,676205722637,+55 11 2007-8162
juliana40,Android 5.0.1,Salva-vidas
204118101331127213101118271017326912721227482101,156156319398322321324277322324322156323686322325325325323,319686127323321323686369323319325324
103121734361011031011181151942773269,377310411811527104127156331686331686,371121271011271201211182711912027103115
204118101331127219115649436271011272062691187310173104269119,156319156324325323277324156325319325277319324156325321323,415321321127490398686686327127686277398398127324321156686
2121011182711911910112710410112754115103436101,319321686324321398322323323277324324686324277277,398321398398369321156323369325686321277
4822691941157310112043610173,377310411811527104127319331398,2131011181032697326927118115
1181011171212691947312173269119,377310411811527104127156331319331686,54269119120101121118101104115118
pedro-henrique02,Android 2.3.1,Paparazzo
213101118271017310112720610111827101119,156398325325325325319398319322398319323324323156325321322,415321321127490398322686327127324277322398127325277686325
269194271191017312173269119,377310411811527104127324331398331398,20573148269734362692711811512710426912748210173121106101120121118101
11111811510411827148121269119,377310411811527104127156331398331319,5381151481011041151181271042691271203147327119127104269127482269119101
101731013691941212744101277686,377310411811527104127156331398331277,3714826973120269127104269127104269106269119101127119101732712030611827101
Benício Rocha,3551790441478958,61 0619-5933
10610626911811826927118101,377310411811527104127277331319331686,202101271941011182773101
10410136910311511912010110211812173115,377310411811527104127324331398331398,205731482697343626927118115127106194115118269119120101194
ana-carolinarezende,Android 2.3.6,Intérprete de Bíblias
374821017310410112721910173120115119,322321324323686321323156319398686686321323398321,490398686686327127321325277322127686156277398
cecilia45,Android 7.0,Jogador de bocha
19410111827119119101319156,377310411811527104127156331398331686,213101269119120118115
2052862691944537312720427101119,319321686319156156322686156322156398686325325322,415321321127490398323686327127325398323398127322322319156
10111810112111011526919427119101,377310411811527104127686331398,2062711927115120269118101649269121120101
gustavo-henrique12,Android 4.2.2,Plastimodelista
elima,Android 8.1.0,Ambulante
Heitor da Mota,347014953867952,0500 339 3934
Enrico Gomes,4535295837075,+55 (081) 3231-8952
Otávio da Rosa,630494411535,+55 31 3778 8187
2191156494362726912721227482101,156686398156319398324323323322323324324321398686,415321321127323686127325324277319369321319321277
11910148212126919411811510411827148121269119,377310411811527104127686686,17526911810612148227119120101
2191181201013311273711011021182726919410112721910173120115119,319321319686277324323319324686156277323322325156,323686127324398686324127324398321323
Pedro da Mata,4053620346739,(011) 7922 0337
19412127443694362697311827117121269325321,377310411811527104127323331398,58464912011548226912011827119120101
731151942728626927118101,377310411811527104127324331686331398,2062692711810173120269
19412127148271031012861011941031017312027,377310411811527104127156331156331156,17511927103352194115148115
loliveira,Android 1.5,Infectologista
Sr. Pedro Miguel Ribeiro,180093937795166,71 2878-6257
2021181217310112729611514812126927118101,319321156325321322325319156398325398398324323319,415321321127322686127321156277277369686324686156
2062691942764926912720427101119,319321319156277323398686686321325323322325322325,322686127319321686322127321321398686
21210111827119119101127213269194115,156324277398277325322321319321277398398325321156,415321321127323686127156324277321369324156319325
emilly75,Android 5.0.2,Educador
Yasmin Cunha,4939447250569,+55 (084) 3903-4218
101103101118104115119115,377310411811527104127156331686,3711152862691187310173120101
21310111827101127222271203521182710112717526927165115120115,156156322319325325322686323686156322398277398324321319277,324686127686319322321127324321686686
freitasmaria-clara,Android 3.2.5,Gerente de riscos em seguros
Stella Azevedo,676359007777,(051) 0778 2061
isaac34,Android 4.2.2,Personal trainer
2862710326973120269103115119120269194101,377310411811527104127321331398,205482649101103115120101104115118
219118101331127205119120436269118127203101118286101194436115,277277324325323324323322324324321325321319323398,415321321127322686127156277277321369323277686323
538115473115127206269194276492691271752773120115,156325324277686398319686321319322398322156322323322686325,415321321127490398277686327127277319324321127156322325322
53811547311512721327148121269194127203101482649115119,277277319325324325277324325321324325322156319324,323686127319319324398369323323324322
17510112119411512721311511826927118101,156322322321322325322156325322324325322156324323325325319,322686127277156325322369686322686686
Yago Campos,574494273125,+55 (071) 2125-6635
269104101369118115119101,377310411811527104127156331319331686,2192691182862697312012130611827115
225101148115127203115119120101,156322323398325277323322319156277398398,415321321127324686127686156325322127325319323686
ana-beatriz13,Android 4.2.2,Ortesista
21310111810311511912722227732710327121119127538269119121119,277686319686686277324156686156322398686319324,490398323686327127398321323319127324686323324
1942691202710327101319322,377310411811527104127686331686,371031154826491017343610173120269
caiobarros,Android 2.3,Implantodontista
3773104118308127104101127213101120101,319323323319323686324323156398398686321398322,490398156686327127277156686324369325324323321
davi-lucas10,Android 2.3.6,Massagista
44482115118101269119,377310411811527104127321331686,3714826973120269127103115482121732712030611827115127104269127119101173104269
213101118271011273719427103269127203115119120269194101,156686277323325321324398323323325319398319324321,415321321127490398321686327127398323324324127324325277156
101731013691941212744101323398,377310411811527104127321331398331277,213101110115118
luizada-costa,Android 7.1.2,Piloto de avião
Luiz Otávio da Cruz,4866338606551,11 8205-9670
2191181201013311272022691011201182744127104101127203115119120101,319321321686686321325156686325325323277319325156,415321321127490398321686327127398277325324369323322686686
yuriaragao,Android 7.0,Lanterneiro
costelamaria-vitoria,Android 2.2,Angiologista
2862712011511827101118115103436101,377310411811527104127321331398331277,203115731191211941201151181271042691271181011042726911912026911927101
11910410136910311812144,377310411811527104127156331398331277,204121102194101104115118
gcardoso,Android 4.0.1,Designer de interiores
119148115482269119,377310411811527104127321331398,22011810173119649115118120101104115118
377310112753812119427101127203101482649115119,319398156319321325325686322398398324156156,415321321127490398319686327127322398319323127323277322324
Maitê Ramos,4815615196637930,0900-740-4535
2031011942691022691272131011181202773119,321398319324324322319319325319322324,415321321127277686127322325323324127319323277277
1062691181182692711810127119101104115118101,377310411811527104127156331398,2121211201011041151181271042691271102712136911027120119121
caio35,Android 4.4.2,Maquinista
3719426916510173104118269127542710226927118115,686324398398321324321686156322319321319322322,415321321127490398322686327127324325321277369322325319319
194121103101119369148101102118272691947311514812126927118101,377310411811527104127156331277,2193107310427103115
camilavieira,Android 4.1.1,Técnico em hardware
20573118271031151273744269286269104115,319156325323322322277325321398398323324323277,490398322686327127321319156321369321277277323
4821012712026919427482101,377310411811527104127277331319331322,20410112027194352148118101106115
649269271651151201151031011181151942773101,377310411811527104127156331686,20311519411564911811510312011519411514827119120101
Gustavo Henrique Carvalho,6567284202180347,0900 042 2123
silvathomas,Android 7.0,Faturista
aragaonina,Android 3.2.6,Engenheiro sanitarista
maria-fernanda11,Android 2.0.1,Desenhista
106101118271011191942728627101,377310411811527104127277331277331277,538115148101104115118127104269127102101104482277312011573
Carlos Eduardo Ribeiro,345184276211709,+55 (021) 6843-6040
104101369482101120101269104121101118104115,377310411811527104127319331277331322,204271182691201151181271042691271032773269482101
Vicente Ribeiro,213106062582737,0900 497 2208
213101453119101127542694426973104269,156324156277321322319323277277156156323321277277,415321321127490398319686327127322321277321127321325321325
54101106101269194127202101118118115119,156325324398324319325277325321398398323321319277321321686,415321321127323686127277324319322369319325277322
2501192711912720311511811826927101,156277323322156277323686325324324322324324322325319324324,415321321127490398323686327127156156324322369322398319323
212121274412758412030628627115127212115649269119,156319398277686321156319324325323324325325686398,398321398398127319398324127323325321321
Alice Silveira,3550444361881301,84 5785-8364
21310111827101127222271203521182710112737118101173110115,322321319686323324325324319277323323325686321156,322686127323686322325127398277156324
Amanda da Mata,2278521850002565,+55 61 0740-5333
20573118271031151271041011272031157310326927305473115,319321156319319277686323319277325686398324322277,415321321127156686127321398325686127325319324323
213271942697310112710410112754115103436101,156323156398686319319324323156319156156,490398324156327127156321324324127156322319156
1041011193697326928626911919412127443691062691187310173104115,377310411811527104127156331686331686,22011811548264926912027119120101
Srta. Júlia Mendes,5510732591035621,51 1288 1311
10310410111936973269286269119,377310411811527104127156331156,21311519426927118115
194121103101119323277,377310411811527104127156331319,3712691182697312026912710426912728626973104101119
2191156494362726912720311511811826927101,277686319686322321277686156323319319156321323,398324398398127277156686127321323325325
Otávio Caldeira,4432232661529608325,+55 84 6433 5268
20310127115127542710226927118115,156321321321686398325325319319322156323,324156127319322324277369323321325277
andre71,Android 4.3.1,Broker/Corretor da bolsa de valores
luiz-fernandoviana,Android 4.0.3,Artesão
377310411830812729612173269119,319322156686325324398686156324319156156323,319686127277398686398127156156156156
2041017327269194127203101118286101194436115,277277322321321277321319156322321322277324321321,490398277686327127686324398156127277321277156
3773101127212121274410112737118101148473115,319398156686321325277322156277319325323321,324156127323321322322127321323321323
luiz-miguel51,Android 4.0.2,Instrumentista musical
alexia33,Android 9,Perito criminal
vianaeduarda,Android 2.2.1,Argumentista
48211927194286101,377310411811527104127156331319331686,220277312012111826927118115
10111811510411827148121269119,377310411811527104127321331686331686,21210148210211512026927118115
3711011021182726919412737118101173110115,322398686686324325156277277323323323319319324325,490398324156327127156325156321369323325319324
10119428626911919412127443694362697311827117121269,377310411811527104127156331277,220308103732710311512726948212712011810112010148226973120115127104269127306148121101
2051041211011181041151272031012861011941031017312027,319398686277321686325156322323686322321322,490398686686327127323321156324127325324325321
26948210173121269194194453156325,377310411811527104127319331277331156,20311573120118115194194269118
alicia09,Android 2.3.6,Baterista
benicio14,Android 2.2,Técnico de som
Sra. Alana Rocha,5589484247077526,+55 (021) 1220 6131
bryan67,Android 5.0.1,Radiooperador de vôo
Juliana das Neves,5436515586015851,+55 21 7556-2879
Esther da Mata,4366566742548282,11 0245-4239
Sarah da Mota,4000116902859655262,21 6991-4467
Agatha Freitas,4447653948881588692,+55 81 6878 0774
1214821157312026927118115,377310411811527104127319331277331319,2121017310343626927118115
marcelo53,Android 4.0.4,Instrumentador cirúrgico
1657312173269119,377310411811527104127322331398,203115731191211941201151181271042691271181011042726911912026911927101
1062691187310173104101323319,377310411811527104127277331319331156,54269649352118120269118
Calebe Moura,4226033288845358,+55 (031) 1902 8429
2191181013311272131012712031412710410112721212144,156156323323323324156322321323686319324,415321321127322686127322398277156127398322277321
10173101369286271201151182710119427482101,377310411811527104127323331398,203194101649127194115101104269118
73115148121269271181014821011182710173101,377310411811527104127324331398331398,2031016491152692711827119120101
Sra. Clarice da Conceição,2712132759048339,+55 81 8407 8064
emanuel09,Android 4.4.3,Contabilista
Lorenzo Freitas,30592085848745,+55 61 3998 7948
araujoana-luiza,Android 2.3.3,Geriatra
Luiz Miguel Nogueira,503807701902,(071) 9908-4731
Emanuelly Rezende,3598038625100229,0800-237-3683
19427482101269734411536914810110211827269194,377310411811527104127156331156331277,5841201151181182773115194101118277314811519411514827119120101
Raquel Castro,560553579668,(021) 7927 6110
10119448226927104101118101117121269194,377310411811527104127277331398,2031013051013691201011942697312011511965758419443626927118115
costavitor,Android 4.3.1,Engenheiro de som
20511912043626911812720312173436101,319321277319324325156321325319321324156323686321,415321321127319686127321325321321369322277277323
1941151182697344115103101119120118115,377310411811527104127277331686,37148269731202691276492697327120269731032730611827115
2710173319321,377310411811527104127277331319331319,584102119120269120118101
2862862710173101,377310411811527104127156331156331156,22227148271941017312026912773115120121118731156571042712111873115
Sra. Emilly Rocha,4635026117309823,21 4179 5111
Luiz Felipe Correia,180050368881295,+55 (071) 3985-3380
rezendeemanuella,Android 4.2,Tecnólogo em processos químicos
tda-cunha,Android 4.4.1,Ministro
20411833112753811547311512737112127194436269118482269127371115482269119,156686156323324322321325686686277325324277323398322322324,490398322686327127324323324324369323277319323
2041017327269194127104101127213115120101,686324398398398323322322398156324277322325319,415321321127490398156686327127398686324686369398398686324
194121103101119104101369482115120101,377310411811527104127319331277331156,17511519427103271011941271032728627194
Bárbara Alves,4845022336827147,+55 (061) 9587-7336
2121217310112754101482115119,156325398322398321156323322277325324323398324319,322686127277686325324369323325321324
482101118271017326914811573103101194286269119,377310411811527104127277331319331321,37110111827
Alice Moura,36247598840945,+55 (081) 6718-7538
beatriz77,Android 4.4,Técnico tributarista
2962710311519426912710410112720312173436101,156325322325156324156686319277319398321,415321321127490398277686327127325324156322369156277324277
caua90,Android 2.3.4,Maestro
212269120310103271011272062691187310173104269119,156398156323321319398325398321324324325322398325,415321321127490398156686327127398322321321127277325398277
maria-sophiada-mota,Android 5.1,Técnico em segurança do trabalho
Camila Alves,4401177656861922,+55 (081) 2075-0093
Sra. Kamilly Martins,6011982052816462,(051) 4134-8688
da-matamanuela,Android 2.2.3,Lancheiro
ribeirodaniel,Android 4.0.2,Ator
482101118271017310110410136910311812144,377310411811527104127319331277331321,17511519427104115118127104269127649118115104121305473115
120436115482101119325156,377310411811527104127156331398331156,20210111810226927118115
kamillypinto,Android 6.0,Embaixador
noahmoraes,Android 1.6,Deputado
da-cunharenan,Android 2.0.1,Paparazzo
14810310119410426927118101,377310411811527104127323331686,20573120101194436101104115118
silveirathales,Android 4.1,Neurologista
joananovaes,Android 2.3.4,Rebarbador de metal
breno67,Android 4.4.4,Neurologista
maria-sophiapinto,Android 7.0,Bioquímico
jesusluna,Android 7.1.1,Bombeiro
175101121194115127213115121118101,319323686156398323321156325323321325322323322,490398324156327127277277321321369319319324324
nascimentoluiza,Android 3.2.4,Berçarista
2862712011511836943612114811510410136910312173436101,377310411811527104127156331277,205731482697343626927118115127106194115118269119120101194
203101120101118277310112710410112717510144,156398277323277319319321398156322321319321321325,156686127277322319321127319277156325
204118101331127219101102118277310112710410112720312173436101,156322277277324319322322156319156156686319322686324686323,398325398398127321686321127277156319322
teixeiraarthur,Android 2.2.2,Secretária
Benjamin Jesus,30050503172453,+55 (071) 5496-9489
21911810133112737110110211827269194101127542694426973104269,156321324321325325686156686319321325321324277319,415321321127324156127324322325277369323325277323
20211826973115127213115118101269119,156324319156277324156398319323324277321324398319,490398322686327127323319323686127321398322686
2131011182710112721212127441011272062691187310173104269119,156398324325324398277686322398323324323,398321398398369325322277369322322319156
Danilo Cunha,2422771286359981,+55 (084) 7897 1672
Gustavo Carvalho,4773965841355234,0900-623-0007
yaragao,Android 4.4.3,Designer de interiores
Giovanna da Mata,4679238125288959,+55 31 7436 5497
cardosoalicia,Android 2.2.2,Gestor de qualidade
21327194269731011272031012861011941031017312027,156323277325322319323323398324156156277322277398,319686127321324156321369686322324156
2862710326973120269323319,377310411811527104127156331277331686,5841041157312011564926910427101120118101
371121119120101286115127213115121118101,319324325323324277319323324319324321156324,415321321127324156127323324325321369322398686323
11012119427101324323,377310411811527104127319331277,17511811510627119119271157310119412710426912711826919410110327115731014822697312011512710311548212727732862691191202710411511826911912754250
48226919427119119101322322,377310411811527104127324331686331398,2057314826973436269271181151271042691271202691942691031154821217327103101305315269119
stellacunha,Android 2.3,Capoeirista
2131011182710112720319410111810112720626911811826927118101,319156277319686277277398398324323319156325686,415321321127156686127277322325277127324277398398
julianaviana,Android 11,Técnico tributarista
10310111810411511911519410111827119119101,377310411811527104127323331686331277,206194101732691942773436101
moreirahenrique,Android 4.0.4,Ilustrador
1042862726927118101,377310411811527104127319331277331686,2063101192710311512773121103194269101118
Bianca Cavalcanti,30425119648445,84 3799 4684
48226919411511011510111536914810110211827269194,377310411811527104127277331277331319,54269119120101121118101104115118
alexiamelo,Android 7.1.2,Sacoleira
21212127441272132714812126919412754101482115119,322323322686323686277686277398156319,415321321127323686127322319277322127156324325156
1041013694821011201014531011194822773,377310411811527104127156331156331156,2201012710626927118115
Isaac Duarte,374790151468208,+55 31 5530 1790
104101369482101120101194121274436948227148121269194,377310411811527104127686331321,175269118119115731011941271201181012773269118
Joana Mendes,4048289253750074983,+55 71 5962-7246
Mariane Vieira,4275042108827546,11 1313-7728
22227120352118271011272062691187310173104269119,156277321324325277322319324156325398398,415321321127686686127321323323277369325398323323
203101121473127104101127213101120101,319323321323686156686322686324321324325325686,415321321127490398321686327127156686325398127686156324324
João Felipe da Rocha,346598990621258,+55 41 2638 5972
21226911573101118104115127204121101118120269,319321277686322321398277398321277686156324398324,321686127156686325322127322277325277
48210111827101482115121118101,377310411811527104127156331398331156,205731482697343626927118115127101148118310103115194101
2697311827103115118101482115119,377310411811527104127156331319,212271652692711811565720311519426912011511812710426912719427165115
João Felipe da Mata,4725894054902335,0900 528 2808
Luiza Cunha,4262537070155,81 6500-9039
119120269194194101325325,377310411811527104127319331277331686,220115649352148118101106115
castrolucas-gabriel,Android 1.1,Consultor
Lívia Almeida,676140536431,+55 11 3241 0558
20411810133112721910111810143612717526927165115120115,319321277686277319319321319324323325324321398322,415321321127490398321686327127156324321398127325323325324
20326910331019427101127203101118104115119115,319398686319322277321321322398324277323686,415321321127324156127277398686398369322325322325
101731013691191156494362710164926911826927118101,377310411811527104127277331319331686,20573148269734362692711811512710426912712011810173119649115118120269119
194102101118118115119,377310411811527104127319331277331277,21311512011512010116527119120101
Laura da Mota,180002582081202,(081) 4292-8697
271191011022691941944531041013691031157310326927103101115,377310411811527104127319331277331322,21912111810627119120101
2121212744127584120306286271151272131011181202773119,319323277323156322398319325277322324319322398,277686127277277321321127398323321686
laismelo,Android 4.1,Cameraman
Marcela Pinto,4824316752067226799,84 3814 4759
10664926911826927118101,377310411811527104127686331322,371481182748226973119115118
37194269165271011272192719428626927118101,156321321322324323325277322277398322319324398398,415321321127319686127398686398398127156686322277
110104101369103115119120101,377310411811527104127686331398,37731011942711912010112710426912711927119120269482101119
10310111810411511911510427269148115,377310411811527104127156331686331277,1751016492719411511910311564927119120101
diego63,Android 5.0.2,Comandante
4822711826919419410148226973104269119,377310411811527104127277331277331277,175118115106271191192711573101194127104269127269106269271201151191272691196492691032710127119
37731011272123102862710112729611514812126927118101,156325319324156324156686321322323686324156156277,319686127325324277686127324686398398
120436115482101119482269194115,377310411811527104127324331686331398,220308103732710311512726948212710114811811564926910312130611827101
2710173277323,377310411811527104127156331319331686,29611512030611827115
20226973110101482277312710410112721212144,156277398156324686323325321321319398325,415321321127490398686686327127686321322325127324322322686
148121119120101286115101118101121110115,377310411811527104127156331398331319,17511811510627119119271157310119412710426912711830610427115127269127120286
iteixeira,Android 1.1,Pára-quedista
54101106101269194101127206115148101305101,319321322319277325325277324686323324323321323319,490398277686327127323319319324369277324277156
Luiza Nascimento,30257578838112,0800-136-0447
2121212714827127203115119120269194101,319323325324325324277325319319325156324324324,490398321686327127324321322277127324156686325
20411833112721212127441272062691942764926912721910173120115119,277322324277321322277324156324323277323324686156,490398319686327127156686324156369156398156321
11512010128627115103101118286101194436115,377310411811527104127319331277331156,220308103732710311512726948212710111811712127286115
10264926927165115120115,377310411811527104127322331398,17511811510627119119271157310119412710426912711826910312111811911511912743612148210173115119
194121103101119322325,377310411811527104127323331686331277,53812127441271042691271042711826927120115
731151481212692711810110173101369103194101118101,377310411811527104127277331319,3061181022712011811512726912748226910427101104115118
1752726912011810112721910173120115119,277277319398325398324686277319322323324156321277,322686127322325277156369398323321686
1011944822692710410111512010128627115,377310411811527104127686686,22026910373352194115148115127269482127101121120115482101305473115127277310412111912011827101194
2501191011022691941944531272192719428626927118101,156686686319325277398156322277156323398322319325,490398686686327127319686325686369686319686398
2131011181031151191272222773271032712111912710410112717510144,156156323324319322319325322156321686323319321277322323277,415321321127323686127398398686321369325322277323
ymonteiro,Android 2.2.2,Engenheiro de telecomunicações
269734411536914810110211827269194321398,377310411811527104127323331686331277,37148269731202691276492697327120269731032730611827115
482101118271013691191156494362710110427101119,377310411811527104127156331319331686,2122748264910110411511812710426912728627104118115119
2054821017312126919419410112710410112717510144,319323686323322319277398686156321398319398321,415321321127156686127156156324323369686325277325
453101148115324686,377310411811527104127277331277331277,17511519427104115118127104269127649118115104121305473115
371121271944362691184822691273744269286269104115,156324325321686398324325324325277321323686322686325277686,490398324156327127321156319321127321156325324
Mariane Santos,180045149634633,31 4681 5328
213101118271017326912721227482101,319323321686277398156686323323323322321321325,490398323686327127322686686324127156322325156
17527269120118101127203115119120269194101,156322323325319323322325156321156322156322277277325156277,415321321127490398156686327127398324325324127319324319156
almeidagiovanna,Android 4.0.4,Administrador público
37731206407327115127204121101118120269,156686686321321325686398325156324277324322319686,398325398398369156398321369324323686324
Fernanda Sales,6011994399727716,11 7669-3335
Sra. Eduarda Aragão,4076739125900,+55 (081) 1794-6245
22512111827127104101127213101120101,156277324319277324319686323322319325398156156686325156686,415321321127490398324686327127321398322325127325324398321
Stella da Paz,6011010469175437,21 4778-7477
Lucca Monteiro,676182925740,+55 (011) 9685-9748
213271481212691941272222710173101,321319323156398277156321323156324324321323398398,490398323686327127321321321319369325322322686
Julia Peixoto,4326247845076350640,+55 (084) 1575-2573
Luiz Otávio Castro,378158040346504,(061) 5500 2866
benjamin32,Android 10,Soldador
almeidathomas,Android 4.1,Artista de circo
Srta. Melissa Pinto,4104940089648,+55 71 4197-7800
10211826973104101321686,377310411811527104127323331686,205731482697343626927118115127104269127119121649649194453127103436101277312711512112719411514831011912027103101
202269118731011181041151272192719428626927118101,319321323686319325321277325319322324324398321156,415321321127324686127321322319398127686324323156
2082691942697310112721326973104269119,319321323277325319398398319156319324322322325324,490398319686327127686325319277127323398323686
19412110173101321686,377310411811527104127277331319331323,205731482697343626927118115127104269127119115482
371942691651017310411826912729612173269119,156325686322325156398686686322319323323325156323325398324,686686127398325324156369325277325686
2022691187310111810411512720610111827101119,322321322156322686156324323321319321321398325156,490398321686327127156321686156127324323324321
laurada-rocha,Android 4.1.2,Promotor de vendas
10427269148115104121101118120269,377310411811527104127156331277331686,37104482277327119120118101104115118127104269127118269104269119
19412110310111936914810110211827269194325277,377310411811527104127277331277331319,37112110111810410112711811512164926927118115
371121119120101286115127208269731182711712126912721911512144101,319321324398323322322325324277324156398398156686,415321321127490398686686327127398686324324369321156323686
441182694426973104269,377310411811527104127321331398,213101118269103436101194
Heitor Ramos,501885836822,+55 (081) 5398-2529
Nathan Farias,340783184376911,84 7065-4831
ada-paz,Android 4.2.1,Confeiteiro
pedro-miguel29,Android 3.2,Compositor
102269731101014822773325319,377310411811527104127156331398331686,5381151481011041151181271042691271203147327119127104269127482269119101
luanalima,Android 4.2.2,Astronauta
101731201157327115118115103436101,377310411811527104127277331686,371121271011271201211182711912027103115
436102101118118115119,377310411811527104127323331686331686,21330614827103115
219118331127377310411830812720427101119,319321321323324322321156325319325322321277398319,490398686686327127322398277319127156324156319
Dr. Noah Ribeiro,4160313115253,(071) 2404 1711
2191014821212691941272202692716526927118101,156277277321686321277156325321277321324322686324,415321321127321686127398319319323127321398686324
11845310173686319,377310411811527104127321331398331277,2203081037327103115127269482127436101118104123101118269
Paulo Porto,213136317501943,61 7427-8557
1941212744369148121119120101286115103101118104115119115,377310411811527104127156331686,54269104101120115118
Luana da Rosa,575633373981,0500-709-9837
Giovanna Mendes,30427527738255,+55 41 0006-0048
20826927120115118127203115119120269194101,277686319686321322398321319398398325323319323,415321321127490398321686327127156277398398369277686277323
pedro-miguel26,Android 7.0,Polidor de produção
4822691941154821011182710173269,377310411811527104127323331398,3773120118115649352194115148115
ppinto,Android 9,Acupunturista
ycardoso,Android 2.3.4,Carnavalesco
2054821017312126919419410112720611826927120101119,156324322398277319686323322156277322324322156323,686686127319319324277369277325321398
Sofia Moura,4948130929108,84 9469 6603
joao-vitor91,Android 5.1.1,Ginecologista
48226919411548227118269194194101,377310411811527104127156331686331277,20426911926948210210111814810110411511812710426912711012111912027305101
206269194276492691272202692716526927118101,319321277321156277322686324398321323321156325323,398324398398127686325277127324323325321
20411810133112729610112030619427101127203101118104115119115,156322686277325398322325322319277321322277322324,490398323686327127277398156323127324156156325
Eloah Ramos,3596354215086245,0500-244-0431
123649115118120115,377310411811527104127319331277331277,220308103732710311512726948212711926914812111810173305101127104115127120118101102101194436115
2054821017312126919419410112720626911811826927118101,321277319277398324324156686324323321398398322323,277686127686398323324127319323156156
118269731017364926927165115120115,377310411811527104127319331277331277,37111810110611519411514827119120101
20573441151273711011021182726919412721227482101,277321686322322325322322325323277398323319319324,398319398398127325325319127398156323156
20326910331019427101127202101118118115119,156277325686323324325156686325319323277325324398,415321321127322686127277277323398127686323156322
21911833112721212127441273711211191201012861151272192719428626927118101,686324398398277323686322325686322156277319324,415321321127490398277686327127323323322324127321156156325
48210111827101369103269103271942710111910173120115119,377310411811527104127156331686331686,541011042711512026911810164931412112027103115
7327103115194101119323323,377310411811527104127156331398331686,220308103732710311512726948212735264912027103101
Benício Barbosa,30250501590371,+55 71 2754 4397
Laura Aragão,2701687575121829,(011) 9481-3410
14810110211827269194194453321323,377310411811527104127156331686,21212110211827106271031011041151181271042691274823061171212773101119
emanuellima,Android 2.3.4,Modelista
João Silva,3582475769280284,21 9734 8493
Sabrina Almeida,4238903378743117,(081) 9453 8903
yazevedo,Android 4.1.1,Infectologista
monteiropedro-miguel,Android 2.2.2,Surfista
gabrielbarros,Android 4.1,Músico
bryan62,Android 4.1.2,Editor
gabrielly52,Android 7.0,Tabelião
27148115118277156,377310411811527104127156331398331319,3764911826911926973120101104115118
Miguel Lima,213100721725803,+55 (031) 8920 3934
2041183311272057311827103115127204121101118120269,319398686322277325323324319324398322321325,322686127156325324277369323686277398
pereirabenjamin,Android 2.3.1,Produtor musical
Caio Araújo,373016126225510,(031) 8292-6852
3711212719443626911848226912754101482115119,156277156323321323321686323323156156277323325686,323686127323686686324369324325156323
da-motagustavo,Android 7.1.1,Quitandeiro
21911810133112721310111810326919410112710410112720312173436101,398322398156325156686398156325686322,490398319686327127277277325324127324323321323
nmelo,Android 4.2,Guia turistico
Maria Clara Mendes,30037503280667,(071) 1089-5584
37110110211827269194101127203115119120101,156324398156325277324321319323321324325,324686127398398322319369686322277277
26911827103111398686,377310411811527104127319331277,2962691157310112011519411514827119120101
Francisco da Cruz,30491599757064,(031) 1125 8979
jteixeira,Android 3.2.6,Juiz de direito
goncalvesmarcos-vinicius,Android 2.3.5,Lancheiro
Lavínia Ramos,4263945941182784,+55 (021) 9359-9246
Luiz Otávio Freitas,213190926524309,+55 (071) 8189 6240
2691192719428626927118101,377310411811527104127319331686,2051191481182748227119120101
Marcos Vinicius da Costa,347105135029899,(011) 7818 3052
21212110173101127104101127203115119120101,321322277277319321321156321321323398,415321321127490398321686327127156319156324127324398398325
7312173269119194121103103101,377310411811527104127319331277,2061151187326927118115
sofiada-luz,Android 2.2.2,Médico legista
Ian Barros,4765710416648831,+55 61 6584 4968
Srta. Joana Vieira,4369759589481884,+55 51 9887 0746
20410128627127212121274412721326973104269119,322321277321398156322323321324156324325321319156,490398324156327127323324324398127686324321322
117103101118286101194436115,377310411811527104127156331156,21926914812127104115118127104269127103115482649118101119
mfarias,Android 3.2.5,Dedetizador
silveiracecilia,Android 1.1,Soldado
7310112043610173277324,377310411811527104127277331398331686,20573148269734362692711811512773101286101194
20548210173121269194127104101127213115120101,319156321398686686321321322322156325322325324,415321321127490398324156327127156324277322369398277322324
Alícia Farias,502098706497,(051) 6458 9439
29611510143612710410112754115119101,319323686156319319321277277323321321277321325,415321321127490398156686327127319398398321127156319398686
Isadora Teixeira,379837933270595,0800-653-1832
21911833112737112127194436269118482269127104101119127296269286269119,686324398398321686319324156324322277324319398,490398322686327127324398325156369686686156686
Giovanna Ramos,675940190639,31 7316-9309
20411833112721226911573101118104115127104101119127296269286269119,319321322398321325686319398156156325277156322325,490398321686327127319325321686369325325321325
Miguel Gomes,6011206332070249,(051) 7983-2560
11911564943627101324325,377310411811527104127321331398331686,17511811510627119119271157310119412710426912711826910327103194101148269482
111118101482115119,377310411811527104127686686,2202691037335219411514811512726948212764911811510412130547311512748211528626919426927118101
Gabriela das Neves,3548320486187292,(021) 5981 8182
luiz-otavioviana,Android 2.1,Guitarrista
diegorodrigues,Android 4.0,Taxidermista/Embalsamador
vieiraisis,Android 3.2.3,Cabeleireiro
Ana da Cruz,3587935093491704,(041) 3935 6585
Dr. Fernando Fogaça,630427623735,+55 71 4004 5030
Henrique da Cunha,374571098470402,(021) 7200 7717
cardosobenjamin,Android 4.2.1,Guarda roupeiro
Sr. Arthur Vieira,372327196271180,+55 84 4604 0293
da-rochaana-laura,Android 1.0,Reumatologista
ana-carolina36,Android 4.4.3,Catador de carangueijos
2697344115102101118118115119,377310411811527104127319331686,296101104101104115118
elisada-cunha,Android 3.2.1,Agente de defesa sanitária animal
1011944822692710410126948227194194453,377310411811527104127156331686,2121211201011041151181271042691271102712136911027120119121
